profile_id,candidate_id,design_id,design_index,activity_pair,activity,partner_activity,topology,distance_a,doping,angle_deg,variant_id,selected_method,adsorption_energy_ev,activation_metric_ev,reaction_energy_ev,scan_energy_range_ev,frame_count,converged_frames,score,max_force_ev_per_a
153f6b8a_glutathione_peroxidase,153f6b8a,x1,1,Glutathione Peroxidase + Oxidase,Glutathione Peroxidase,Oxidase,independent adjacent,6.8,N,0,x1_adjacent_d6.8_n_a0,GFN2 deep,0.8974036926078952,2.9269983685808256,2.9269983685808256,2.9269983685808256,5,5,0.7101343174363519,0.0357956017342312
153f6b8a_oxidase,153f6b8a,x1,1,Glutathione Peroxidase + Oxidase,Oxidase,Glutathione Peroxidase,independent adjacent,6.8,N,0,x1_adjacent_d6.8_n_a0,First pass,-1.3103122103391345,0.0858404440991762,0.0858404440991762,0.2419510117083518,5,5,0.7101343174363519,0.0357956017342312
1d195702_catalase,1d195702,x1,1,Catalase + Peroxidase,Catalase,Peroxidase,bridged,5.6,NS,0,x1_bridged_d5.6_ns_a0,GFN1 SCF fallback,0.3003257497221057,2.845646928104543,2.845646928104543,2.845646928104543,5,5,0.7155338255507466,0.0445820749116553
1d195702_peroxidase,1d195702,x1,1,Catalase + Peroxidase,Peroxidase,Catalase,bridged,5.6,NS,0,x1_bridged_d5.6_ns_a0,GFN1 SCF fallback,0.3187377558851949,2.1252858670122805,2.1252858670122805,2.2031566151290463,5,5,0.7155338255507466,0.0445820749116553
46832d83_catalase,46832d83,x1,1,Catalase + Glutathione Peroxidase,Catalase,Glutathione Peroxidase,independent adjacent,6.8,N,0,x1_adjacent_d6.8_n_a0,GFN1 SCF fallback,-0.0525087447158512,3.8393147243868953,3.8393147243868953,3.8393147243868953,5,5,0.743217847777703,0.0384898005062482
46832d83_glutathione_peroxidase,46832d83,x1,1,Catalase + Glutathione Peroxidase,Glutathione Peroxidase,Catalase,independent adjacent,6.8,N,0,x1_adjacent_d6.8_n_a0,GFN1 extended,1.6425055856302606,6.883357615666682,-2.2349843091105868,9.118341924777267,5,5,0.743217847777703,0.0384898005062482
7a2c1624_glutathione_peroxidase,7a2c1624,x1,1,Glutathione Peroxidase + Peroxidase,Glutathione Peroxidase,Peroxidase,independent adjacent,6.8,N,0,x1_adjacent_d6.8_n_a0,GFN2 deep,2.416409390832996,4.551912017238465,2.726951274179555,4.551912017238465,5,5,0.714129605505853,0.0444651705526565
7a2c1624_peroxidase,7a2c1624,x1,1,Glutathione Peroxidase + Peroxidase,Peroxidase,Glutathione Peroxidase,independent adjacent,6.8,N,0,x1_adjacent_d6.8_n_a0,GFN1 SCF fallback,-0.5392103145077272,2.5743355534336843,2.5743355534336843,2.5743355534336843,5,5,0.714129605505853,0.0444651705526565
7d6533e7_oxidase,7d6533e7,x1,1,Oxidase + Peroxidase,Oxidase,Peroxidase,independent adjacent,6.8,N,0,x1_adjacent_d6.8_n_a0,First pass,-0.6792103027935354,0.0,-2.9421322268949552,3.0370344818270496,5,5,0.714129605505853,0.0444651705526565
7d6533e7_peroxidase,7d6533e7,x1,1,Oxidase + Peroxidase,Peroxidase,Oxidase,independent adjacent,6.8,N,0,x1_adjacent_d6.8_n_a0,GFN1 extended,-0.5392103145095462,1.826561811009924,-3.950568964446575,5.777130775456499,5,5,0.714129605505853,0.0444651705526565
8195ee9a_catalase,8195ee9a,x1,1,Catalase + Peroxidase,Catalase,Peroxidase,bridged,5.6,NS,0,x1_bridged_d5.6_ns_a0,GFN1 SCF fallback,0.3003257497248341,2.847685966510653,2.847685966510653,2.847685966510653,5,5,0.7155338255507466,0.0445820749116553
8195ee9a_peroxidase,8195ee9a,x1,1,Catalase + Peroxidase,Peroxidase,Catalase,bridged,5.6,NS,0,x1_bridged_d5.6_ns_a0,GFN1 SCF fallback,0.3187377558861044,0.7386973383881923,-0.3044670143444818,1.0431643527326742,5,5,0.7155338255507466,0.0445820749116553
983be37c_catalase,983be37c,x1,1,Catalase + Peroxidase,Catalase,Peroxidase,independent adjacent,6.8,N,0,x1_adjacent_d6.8_n_a0,GFN1 SCF fallback,-0.0542835600090256,3.915161658143006,3.915161658143006,3.915161658143006,5,5,0.7455198040700709,0.0481057056730953
983be37c_peroxidase,983be37c,x1,1,Catalase + Peroxidase,Peroxidase,Catalase,independent adjacent,6.8,N,0,x1_adjacent_d6.8_n_a0,GFN1 SCF fallback,-0.0075450582739904,2.3815879208777915,2.3815879208777915,2.3815879208777915,5,5,0.7455198040700709,0.0481057056730953
9ec561f2_catalase,9ec561f2,x1,1,Catalase + Oxidase,Catalase,Oxidase,independent adjacent,6.8,N,0,x1_adjacent_d6.8_n_a0,GFN1 SCF fallback,-0.0525087447158512,3.838158073052455,3.838158073052455,3.838158073052455,5,5,0.743217847777703,0.0384898005062482
9ec561f2_oxidase,9ec561f2,x1,1,Catalase + Oxidase,Oxidase,Catalase,independent adjacent,6.8,N,0,x1_adjacent_d6.8_n_a0,GFN2 deep,-1.1055393862559413,0.0,-0.212869704471359,0.4422145873859335,5,5,0.743217847777703,0.0384898005062482
b36787b1_catalase,b36787b1,x1,1,Catalase + Oxidase,Catalase,Oxidase,independent adjacent,6.8,N,0,x1_adjacent_d6.8_n_a0,GFN1 SCF fallback,-0.0525087447158512,3.845479150040319,3.845479150040319,3.845479150040319,5,5,0.743217847777703,0.0384898005062482
b36787b1_oxidase,b36787b1,x1,1,Catalase + Oxidase,Oxidase,Catalase,independent adjacent,6.8,N,0,x1_adjacent_d6.8_n_a0,GFN2 deep,-1.105539386256396,0.0,-0.2124951587120449,0.4361853242367033,5,5,0.743217847777703,0.0384898005062482
c026116f_catalase,c026116f,x1,1,Catalase + Glutathione Peroxidase,Catalase,Glutathione Peroxidase,independent adjacent,6.8,N,0,x1_adjacent_d6.8_n_a0,GFN1 SCF fallback,-0.0525087447135774,3.837709708110197,3.837709708110197,3.837709708110197,5,5,0.743217847777703,0.0384898005062482
c026116f_glutathione_peroxidase,c026116f,x1,1,Catalase + Glutathione Peroxidase,Glutathione Peroxidase,Catalase,independent adjacent,6.8,N,0,x1_adjacent_d6.8_n_a0,GFN2 deep,1.6771986583480611,1.2626081634407456,-4.073524017709133,5.336132181149878,5,5,0.743217847777703,0.0384898005062482
e7b2f3b3_catalase,e7b2f3b3,x1,1,Catalase + Peroxidase,Catalase,Peroxidase,independent adjacent,6.8,N,0,x1_adjacent_d6.8_n_a0,GFN1 SCF fallback,-0.0542835600085709,3.9188440283332966,3.9188440283332966,3.9188440283332966,5,5,0.7455198040700709,0.0481057056730953
e7b2f3b3_peroxidase,e7b2f3b3,x1,1,Catalase + Peroxidase,Peroxidase,Catalase,independent adjacent,6.8,N,0,x1_adjacent_d6.8_n_a0,GFN1 SCF fallback,-0.0075450582721714,2.381427209766116,2.381427209766116,2.381427209766116,5,5,0.7455198040700709,0.0481057056730953
1b0b26e4_catalase,1b0b26e4,x3,3,Catalase + Oxidase,Catalase,Oxidase,independent separated,12.4,S,60,x3_separated_d12.4_s_a60,GFN1 SCF fallback,0.0641762686259426,3.5981280776495623,3.5981280776495623,3.5981280776495623,5,5,0.7653463437789314,0.0430216253149462
1b0b26e4_oxidase,1b0b26e4,x3,3,Catalase + Oxidase,Oxidase,Catalase,independent separated,12.4,S,60,x3_separated_d12.4_s_a60,First pass,-0.5170424473351432,0.0,-2.827281842152388,3.093407874483546,5,5,0.7653463437789314,0.0430216253149462
621e0bc1_oxidase,621e0bc1,x3,3,Oxidase + Peroxidase,Oxidase,Peroxidase,independent adjacent,8.4,S,60,x3_adjacent_d8.4_s_a60,First pass,-0.4152582246758811,0.0,-3.760894614636072,4.563446473914155,5,5,0.6946835509203725,0.0389674254478558
621e0bc1_peroxidase,621e0bc1,x3,3,Oxidase + Peroxidase,Peroxidase,Oxidase,independent adjacent,8.4,S,60,x3_adjacent_d8.4_s_a60,GFN1 SCF fallback,0.8353534764082724,0.8705069272564288,-2.2438011679851115,3.1143080952415403,5,5,0.6946835509203725,0.0389674254478558
74820a79_catalase,74820a79,x3,3,Catalase + Glutathione Peroxidase,Catalase,Glutathione Peroxidase,independent separated,12.4,S,60,x3_separated_d12.4_s_a60,GFN1 SCF fallback,0.0641762686273068,3.597111682209743,3.597111682209743,3.597111682209743,5,5,0.7653463437789314,0.0430216253149462
74820a79_glutathione_peroxidase,74820a79,x3,3,Catalase + Glutathione Peroxidase,Glutathione Peroxidase,Catalase,independent separated,12.4,S,60,x3_separated_d12.4_s_a60,GFN1 extended,1.7021059180124212,2.5352444308937265,-2.282524567831388,5.698132166958203,5,5,0.7653463437789314,0.0430216253149462
79bd3431_oxidase,79bd3431,x3,3,Oxidase + Peroxidase,Oxidase,Peroxidase,bridged,6.4,N,60,x3_bridged_d6.4_n_a60,GFN2 deep,-1.5824995537716404,0.0,-2.1437261514420243,2.354187835520861,5,5,0.7051231967071525,0.0349693092963347
79bd3431_peroxidase,79bd3431,x3,3,Oxidase + Peroxidase,Peroxidase,Oxidase,bridged,6.4,N,60,x3_bridged_d6.4_n_a60,GFN1 extended,0.1686219355324283,0.0,-4.934731299409577,4.934731299409577,5,5,0.7051231967071525,0.0349693092963347
92567ba7_catalase,92567ba7,x3,3,Catalase + Oxidase,Catalase,Oxidase,independent separated,12.4,S,60,x3_separated_d12.4_s_a60,GFN1 SCF fallback,0.0641762686273068,3.5971665718088843,3.5971665718088843,3.5971665718088843,5,5,0.7653463437789314,0.0430216253149462
92567ba7_oxidase,92567ba7,x3,3,Catalase + Oxidase,Oxidase,Catalase,independent separated,12.4,S,60,x3_separated_d12.4_s_a60,First pass,-0.5170424473351432,0.0,-2.827281835501708,3.0934078671321004,5,5,0.7653463437789314,0.0430216253149462
bae713d7_catalase,bae713d7,x3,3,Catalase + Glutathione Peroxidase,Catalase,Glutathione Peroxidase,independent separated,12.4,S,60,x3_separated_d12.4_s_a60,GFN1 SCF fallback,0.0641762686259426,3.597159113939597,3.597159113939597,3.597159113939597,5,5,0.7653463437789314,0.0430216253149462
bae713d7_glutathione_peroxidase,bae713d7,x3,3,Catalase + Glutathione Peroxidase,Glutathione Peroxidase,Catalase,independent separated,12.4,S,60,x3_separated_d12.4_s_a60,GFN2 deep,1.638263682701563,0.0,-2.6246559408755274,3.59811120604536,5,5,0.7653463437789314,0.0430216253149462
c8f96ba2_glutathione_peroxidase,c8f96ba2,x3,3,Glutathione Peroxidase + Oxidase,Glutathione Peroxidase,Oxidase,independent separated,12.4,S,60,x3_separated_d12.4_s_a60,GFN2 deep,1.0249515569657888,3.2465360303895068,-2.2144095237708825,6.061203462350932,5,5,0.7556549762740412,0.048332979993451
c8f96ba2_oxidase,c8f96ba2,x3,3,Glutathione Peroxidase + Oxidase,Oxidase,Glutathione Peroxidase,independent separated,12.4,S,60,x3_separated_d12.4_s_a60,First pass,-0.5165097604788116,0.0,-2.8227479574088647,3.088984025025184,5,5,0.7556549762740412,0.048332979993451
dc3ed49f_glutathione_peroxidase,dc3ed49f,x3,3,Glutathione Peroxidase + Oxidase,Glutathione Peroxidase,Oxidase,independent adjacent,8.4,S,60,x3_adjacent_d8.4_s_a60,GFN2 deep,0.6021671871271792,2.1416902279961505,-7.908814717517089,10.05050494551324,5,5,0.7097484332249873,0.0486597961115704
dc3ed49f_oxidase,dc3ed49f,x3,3,Glutathione Peroxidase + Oxidase,Oxidase,Glutathione Peroxidase,independent adjacent,8.4,S,60,x3_adjacent_d8.4_s_a60,First pass,-0.6739032795887852,0.0,-1.4648203053611724,1.4648203053611724,5,5,0.7097484332249873,0.0486597961115704
e2ca81a4_glutathione_peroxidase,e2ca81a4,x3,3,Glutathione Peroxidase + Peroxidase,Glutathione Peroxidase,Peroxidase,independent adjacent,8.4,S,60,x3_adjacent_d8.4_s_a60,GFN2 deep,0.6049678938652505,2.1169293883467617,-3.5321454343111327,8.264258508566854,5,5,0.6946835509203725,0.0389674254478558
e2ca81a4_peroxidase,e2ca81a4,x3,3,Glutathione Peroxidase + Peroxidase,Peroxidase,Glutathione Peroxidase,independent adjacent,8.4,S,60,x3_adjacent_d8.4_s_a60,GFN1 SCF fallback,0.8353534764078177,0.8704580349894968,-2.243285758030652,3.1137437930201486,5,5,0.6946835509203725,0.0389674254478558
66070cb5_catalase,66070cb5,x4,4,Catalase + Peroxidase,Catalase,Peroxidase,independent separated,8.8,N,15,x4_separated_d8.8_n_a15,GFN1 SCF fallback,0.1172009822580548,3.969692633048908,3.969692633048908,3.969692633048908,5,5,0.7923333133583658,0.0434656004551842
66070cb5_peroxidase,66070cb5,x4,4,Catalase + Peroxidase,Peroxidase,Catalase,independent separated,8.8,N,15,x4_separated_d8.8_n_a15,GFN1 extended,0.4044216645916094,1.2816162318263196,-4.0716393359953145,5.353255567821634,5,5,0.7923333133583658,0.0434656004551842
82300d54_glutathione_peroxidase,82300d54,x4,4,Glutathione Peroxidase + Oxidase,Glutathione Peroxidase,Oxidase,independent separated,8.8,N,15,x4_separated_d8.8_n_a15,GFN1 extended,1.942907159405422,5.557792600347057,5.557792600347057,5.557792600347057,5,5,0.7442506202022177,0.0413788297752209
82300d54_oxidase,82300d54,x4,4,Glutathione Peroxidase + Oxidase,Oxidase,Glutathione Peroxidase,independent separated,8.8,N,15,x4_separated_d8.8_n_a15,GFN2 deep,-0.9025704032681006,0.0,-0.2157574759144154,0.5675552642487673,5,5,0.7442506202022177,0.0413788297752209
96ae2701_oxidase,96ae2701,x4,4,Oxidase + Peroxidase,Oxidase,Peroxidase,independent separated,8.8,N,15,x4_separated_d8.8_n_a15,GFN2 deep,-0.704653219212787,0.4181503559398152,-0.911616951264932,1.3297673072047471,5,5,0.7816197195716977,0.0473287568348481
96ae2701_peroxidase,96ae2701,x4,4,Oxidase + Peroxidase,Peroxidase,Oxidase,independent separated,8.8,N,15,x4_separated_d8.8_n_a15,GFN1 extended,0.4035075858200798,1.257362397986526,-4.069860984481693,5.327223382468219,5,5,0.7816197195716977,0.0473287568348481
976aa64b_glutathione_peroxidase,976aa64b,x4,4,Glutathione Peroxidase + Peroxidase,Glutathione Peroxidase,Peroxidase,independent separated,8.8,N,15,x4_separated_d8.8_n_a15,GFN1 SCF fallback,1.9425128363368456,3.853862800237948,3.853862800237948,6.564658494752621,5,5,0.7816197195716977,0.0473287568348481
976aa64b_peroxidase,976aa64b,x4,4,Glutathione Peroxidase + Peroxidase,Peroxidase,Glutathione Peroxidase,independent separated,8.8,N,15,x4_separated_d8.8_n_a15,GFN1 extended,0.4035075858173513,1.2573472735689393,-2.8928132632559027,4.150160536824842,5,5,0.7816197195716977,0.0473287568348481
ad1d6912_catalase,ad1d6912,x4,4,Catalase + Glutathione Peroxidase,Catalase,Glutathione Peroxidase,independent separated,8.8,N,15,x4_separated_d8.8_n_a15,GFN1 SCF fallback,0.1259521667939225,4.084498057720793,4.084498057720793,4.084498057720793,5,5,0.7546373938118777,0.0457322307151332
ad1d6912_glutathione_peroxidase,ad1d6912,x4,4,Catalase + Glutathione Peroxidase,Glutathione Peroxidase,Catalase,independent separated,8.8,N,15,x4_separated_d8.8_n_a15,GFN2 deep,1.671374167644899,1.728710257802959,0.2350055923980107,1.728710257802959,5,5,0.7546373938118777,0.0457322307151332
c5946ea0_catalase,c5946ea0,x4,4,Catalase + Oxidase,Catalase,Oxidase,independent separated,8.8,N,15,x4_separated_d8.8_n_a15,GFN1 SCF fallback,0.1259521667939225,4.078539454685142,4.078539454685142,4.078539454685142,5,5,0.7546373938118777,0.0457322307151332
c5946ea0_oxidase,c5946ea0,x4,4,Catalase + Oxidase,Oxidase,Catalase,independent separated,8.8,N,15,x4_separated_d8.8_n_a15,GFN2 deep,-0.9033381468368588,0.0,-0.2229645928600803,0.5755817999156534,5,5,0.7546373938118777,0.0457322307151332
827a743e_glucose_oxidase,827a743e,x5,5,Glucose Oxidase + Peroxidase,Glucose Oxidase,Peroxidase,independent adjacent,7.0,S,45,x5_adjacent_d7.0_s_a45,GFN1 SCF fallback,2.470525747809233,2.2851754383236766,-0.7986960204298157,3.0838714587534923,5,5,0.7918777347216225,0.0426238215600781
827a743e_peroxidase,827a743e,x5,5,Glucose Oxidase + Peroxidase,Peroxidase,Glucose Oxidase,independent adjacent,7.0,S,45,x5_adjacent_d7.0_s_a45,GFN2 deep,0.2935033450069113,0.491919863030489,-0.0042877637529272,0.6964246120883217,5,5,0.7918777347216225,0.0426238215600781
58cd660c_catalase,58cd660c,x6,6,Catalase + Oxidase,Catalase,Oxidase,bridged,6.2,S,75,x6_bridged_d6.2_s_a75,GFN1 SCF fallback,0.2299073830054112,2.907849035110303,2.907849035110303,2.963579903398568,5,5,0.7674535508442413,0.0499571861593251
58cd660c_oxidase,58cd660c,x6,6,Catalase + Oxidase,Oxidase,Catalase,bridged,6.2,S,75,x6_bridged_d6.2_s_a75,GFN1 extended,-1.6481497498302815,0.0,-3.974301911702241,4.444014953018268,5,5,0.7674535508442413,0.0499571861593251
644a5e9e_catalase,644a5e9e,x6,6,Catalase + DNase,Catalase,DNase,bridged,6.2,S,75,x6_bridged_d6.2_s_a75,GFN1 SCF fallback,0.2006642295000347,2.358709265824473,-2.1618964927120032,4.520605758536476,5,5,0.79162884005849,0.0494446051586617
8f21a96c_catalase,8f21a96c,x6,6,Catalase + Peroxidase,Catalase,Peroxidase,bridged,6.2,S,75,x6_bridged_d6.2_s_a75,GFN1 SCF fallback,0.2221059582884663,1.8557801706601824,1.8557801706601824,1.968779562194868,5,5,0.7135186588029985,0.0481473505631837
8f21a96c_peroxidase,8f21a96c,x6,6,Catalase + Peroxidase,Peroxidase,Catalase,bridged,6.2,S,75,x6_bridged_d6.2_s_a75,GFN1 extended,-0.7253429690658777,0.0,-4.346018993765028,4.346018993765028,5,5,0.7135186588029985,0.0481473505631837
9034c955_peroxidase,9034c955,x6,6,DNase + Peroxidase,Peroxidase,DNase,bridged,6.2,S,75,x6_bridged_d6.2_s_a75,GFN1 SCF fallback,0.1174955040823988,0.0,-2.902293068218569,2.902293068218569,5,5,0.7252559231095277,0.0492924478743026
dcdce03b_oxidase,dcdce03b,x6,6,Oxidase + Peroxidase,Oxidase,Peroxidase,bridged,6.2,S,75,x6_bridged_d6.2_s_a75,GFN1 SCF fallback,-0.9606806175656856,0.0,-0.5487744561642103,0.7326089812431746,5,5,0.6957815301412007,0.0497582693803342
dcdce03b_peroxidase,dcdce03b,x6,6,Oxidase + Peroxidase,Peroxidase,Oxidase,bridged,6.2,S,75,x6_bridged_d6.2_s_a75,GFN1 SCF fallback,0.4942671198932657,0.0,-5.621778579965394,5.621778579965394,5,5,0.6957815301412007,0.0497582693803342
ffb513b8_dnase,ffb513b8,x6,6,DNase + Oxidase,DNase,Oxidase,bridged,6.2,S,75,x6_bridged_d6.2_s_a75,GFN2 deep,1.82354957660948,2.8916888151552484,2.8916888151552484,2.8916888151552484,25,25,0.7679908398064379,0.0493897735642952
ffb513b8_oxidase,ffb513b8,x6,6,DNase + Oxidase,Oxidase,DNase,bridged,6.2,S,75,x6_bridged_d6.2_s_a75,GFN2 deep,-1.058308091304525,0.0,-4.724306544279898,4.724306544279898,5,5,0.7679908398064379,0.0493897735642952
59355fe9_oxidase,59355fe9,x7,7,Oxidase + Peroxidase,Oxidase,Peroxidase,independent adjacent,8.0,N,105,x7_adjacent_d8.0_n_a105,GFN2 deep,0.4671428943113369,0.0,-3.351241815881167,3.6416147692216327,5,5,0.716533767189964,0.044571238578968
59355fe9_peroxidase,59355fe9,x7,7,Oxidase + Peroxidase,Peroxidase,Oxidase,independent adjacent,8.0,N,105,x7_adjacent_d8.0_n_a105,GFN1 extended,0.1726301729559054,1.0969313623040762,-2.7042906758033496,3.8012220381074258,5,5,0.716533767189964,0.044571238578968
9905dc81_glutathione_peroxidase,9905dc81,x7,7,Glutathione Peroxidase + Oxidase,Glutathione Peroxidase,Oxidase,independent adjacent,8.0,N,105,x7_adjacent_d8.0_n_a105,GFN2 deep,1.83569339725409,2.513656454185366,2.513656454185366,4.737909488593687,5,5,0.7662855346312418,0.0373743284707951
9905dc81_oxidase,9905dc81,x7,7,Glutathione Peroxidase + Oxidase,Oxidase,Glutathione Peroxidase,independent adjacent,8.0,N,105,x7_adjacent_d8.0_n_a105,First pass,0.9196337041207698,0.0,-0.7953526585602049,1.112568422352069,5,5,0.7662855346312418,0.0373743284707951
c1a8f5ff_glutathione_peroxidase,c1a8f5ff,x7,7,Glutathione Peroxidase + Peroxidase,Glutathione Peroxidase,Peroxidase,independent adjacent,8.0,N,105,x7_adjacent_d8.0_n_a105,GFN2 deep,1.8379241290217576,2.309906975739977,-2.554074683700492,4.863981659440469,5,5,0.716533767189964,0.044571238578968
c1a8f5ff_peroxidase,c1a8f5ff,x7,7,Glutathione Peroxidase + Peroxidase,Peroxidase,Glutathione Peroxidase,independent adjacent,8.0,N,105,x7_adjacent_d8.0_n_a105,GFN1 SCF fallback,0.1726301729559054,1.0970674749300997,-2.679397966315719,3.7764654412458185,5,5,0.716533767189964,0.044571238578968
2f771f22_glutathione_peroxidase,2f771f22,x8,8,Glutathione Peroxidase + Peroxidase,Glutathione Peroxidase,Peroxidase,independent separated,12.0,N,135,x8_separated_d12.0_n_a135,GFN2 deep,2.664118172068356,3.3958343917838647,-1.2911341709805129,5.160498588592418,5,5,0.6678353125968473,0.0481506288060205
2f771f22_peroxidase,2f771f22,x8,8,Glutathione Peroxidase + Peroxidase,Peroxidase,Glutathione Peroxidase,independent separated,12.0,N,135,x8_separated_d12.0_n_a135,GFN1 extended,-0.552563124550943,2.052385889443485,2.052385889443485,2.3699420211851248,5,5,0.6678353125968473,0.0481506288060205
2fd59fe4_glucose_oxidase,2fd59fe4,x8,8,Glucose Oxidase + Glutathione Peroxidase,Glucose Oxidase,Glutathione Peroxidase,independent adjacent,8.8,N,135,x8_adjacent_d8.8_n_a135,GFN1 SCF fallback,0.0913114857228265,1.9217936049508355,-1.6299175972226294,3.5517112021734647,5,5,0.7618758550035506,0.0456651017354856
2fd59fe4_glutathione_peroxidase,2fd59fe4,x8,8,Glucose Oxidase + Glutathione Peroxidase,Glutathione Peroxidase,Glucose Oxidase,independent adjacent,8.8,N,135,x8_adjacent_d8.8_n_a135,GFN1 extended,0.6928743561074953,1.2722504969569854,0.9440045879364334,1.415046026921118,5,5,0.7618758550035506,0.0456651017354856
41f9b430_catalase,41f9b430,x8,8,Catalase + Glutathione Peroxidase,Catalase,Glutathione Peroxidase,independent separated,12.0,N,135,x8_separated_d12.0_n_a135,GFN1 SCF fallback,0.3598293565378299,3.45607063919806,3.45607063919806,3.45607063919806,5,5,0.7442415550185244,0.0425786782323362
41f9b430_glutathione_peroxidase,41f9b430,x8,8,Catalase + Glutathione Peroxidase,Glutathione Peroxidase,Catalase,independent separated,12.0,N,135,x8_separated_d12.0_n_a135,GFN2 deep,1.193456976323887,3.865855958657448,-0.5409621143044205,7.173555368371126,5,5,0.7442415550185244,0.0425786782323362
50b2bb19_oxidase,50b2bb19,x8,8,Oxidase + Peroxidase,Oxidase,Peroxidase,independent separated,12.0,N,135,x8_separated_d12.0_n_a135,First pass,-0.7222164338836592,0.0,-0.5970765344795836,1.438703332436944,5,5,0.6678353125968473,0.0481506288060205
50b2bb19_peroxidase,50b2bb19,x8,8,Oxidase + Peroxidase,Peroxidase,Oxidase,independent separated,12.0,N,135,x8_separated_d12.0_n_a135,GFN1 extended,-0.5525631245513978,2.052244913079903,2.052244913079903,2.3698157767280463,5,5,0.6678353125968473,0.0481506288060205
546a5ac5_glucose_oxidase,546a5ac5,x8,8,Glucose Oxidase + Oxidase,Glucose Oxidase,Oxidase,independent adjacent,8.8,N,135,x8_adjacent_d8.8_n_a135,GFN1 SCF fallback,0.0913114857232813,1.9201761829990571,-1.642640812742684,3.5628169957417413,5,5,0.7618758550035506,0.0456651017354856
546a5ac5_oxidase,546a5ac5,x8,8,Glucose Oxidase + Oxidase,Oxidase,Glucose Oxidase,independent adjacent,8.8,N,135,x8_adjacent_d8.8_n_a135,First pass,-0.9419710230372402,0.1532668788504452,0.1532668788504452,0.1866237476383503,5,5,0.7618758550035506,0.0456651017354856
62533915_glutathione_peroxidase,62533915,x8,8,Glutathione Peroxidase + Peroxidase,Glutathione Peroxidase,Peroxidase,independent adjacent,8.8,N,135,x8_adjacent_d8.8_n_a135,GFN1 SCF fallback,1.6215631453769674,1.4710165198075629,-0.6073434132313196,2.0783599330388824,5,5,0.7425385990968407,0.0439318728532364
62533915_peroxidase,62533915,x8,8,Glutathione Peroxidase + Peroxidase,Peroxidase,Glutathione Peroxidase,independent adjacent,8.8,N,135,x8_adjacent_d8.8_n_a135,GFN1 extended,0.0975097160367113,1.3941411838986824,1.0244085744775475,1.3941411838986824,5,5,0.7425385990968407,0.0439318728532364
707ba750_catalase,707ba750,x8,8,Catalase + Peroxidase,Catalase,Peroxidase,independent adjacent,8.8,N,135,x8_adjacent_d8.8_n_a135,GFN1 SCF fallback,0.2074747693336576,3.7559083450587423,3.7559083450587423,3.7559083450587423,5,5,0.7687956350875234,0.0401015337188674
707ba750_peroxidase,707ba750,x8,8,Catalase + Peroxidase,Peroxidase,Catalase,independent adjacent,8.8,N,135,x8_adjacent_d8.8_n_a135,GFN1 extended,0.0966924826284412,1.393902903223534,1.0232637497965698,1.393902903223534,5,5,0.7687956350875234,0.0401015337188674
743e7dc9_glutathione_peroxidase,743e7dc9,x8,8,Glutathione Peroxidase + Oxidase,Glutathione Peroxidase,Oxidase,independent adjacent,8.8,N,135,x8_adjacent_d8.8_n_a135,GFN2 deep,1.7183195057632474,2.4245307873707134,-0.0628570744311218,2.4873878618018352,5,5,0.7442265740494882,0.0487866171239061
743e7dc9_oxidase,743e7dc9,x8,8,Glutathione Peroxidase + Oxidase,Oxidase,Glutathione Peroxidase,independent adjacent,8.8,N,135,x8_adjacent_d8.8_n_a135,First pass,-0.9423244291670017,0.3542351978394435,0.3542351978394435,0.4012344802035841,5,5,0.7442265740494882,0.0487866171239061
8384434b_catalase,8384434b,x8,8,Catalase + Oxidase,Catalase,Oxidase,independent separated,12.0,N,135,x8_separated_d12.0_n_a135,GFN1 SCF fallback,0.3598293565360109,3.454696494541168,3.454696494541168,3.454696494541168,5,5,0.7442415550185244,0.0425786782323362
8384434b_oxidase,8384434b,x8,8,Catalase + Oxidase,Oxidase,Catalase,independent separated,12.0,N,135,x8_separated_d12.0_n_a135,GFN2 deep,-1.107530415603151,0.0,-4.994578574680872,5.269430880016898,5,5,0.7442415550185244,0.0425786782323362
ce640407_catalase,ce640407,x8,8,Catalase + Oxidase,Catalase,Oxidase,independent adjacent,8.8,N,135,x8_adjacent_d8.8_n_a135,GFN1 SCF fallback,0.2053890445918114,3.7589163330517295,3.7589163330517295,3.7589163330517295,5,5,0.7705570951226042,0.0452776861062371
ce640407_oxidase,ce640407,x8,8,Catalase + Oxidase,Oxidase,Catalase,independent adjacent,8.8,N,135,x8_adjacent_d8.8_n_a135,First pass,-0.9422271234934668,0.3852190489001259,0.3852190489001259,0.4195776064639176,5,5,0.7705570951226042,0.0452776861062371
e7823e90_catalase,e7823e90,x8,8,Catalase + Glutathione Peroxidase,Catalase,Glutathione Peroxidase,independent adjacent,8.8,N,135,x8_adjacent_d8.8_n_a135,GFN1 SCF fallback,0.2053890445904471,3.754351382450295,3.754351382450295,3.754351382450295,5,5,0.7705570951226042,0.0452776861062371
e7823e90_glutathione_peroxidase,e7823e90,x8,8,Catalase + Glutathione Peroxidase,Glutathione Peroxidase,Catalase,independent adjacent,8.8,N,135,x8_adjacent_d8.8_n_a135,GFN1 extended,0.6927616264561038,3.753744898532205,3.753744898532205,3.753744898532205,5,5,0.7705570951226042,0.0452776861062371
ec1fc219_glutathione_peroxidase,ec1fc219,x8,8,Glutathione Peroxidase + Oxidase,Glutathione Peroxidase,Oxidase,independent separated,12.0,N,135,x8_separated_d12.0_n_a135,GFN1 extended,2.39785332722613,0.4276444413089848,-0.4581892140122363,0.8858336553212212,5,5,0.6856936513620201,0.0445319554623031
ec1fc219_oxidase,ec1fc219,x8,8,Glutathione Peroxidase + Oxidase,Oxidase,Glutathione Peroxidase,independent separated,12.0,N,135,x8_separated_d12.0_n_a135,GFN2 deep,-1.1073984784268305,0.0,-5.015088336598183,5.290386602943272,5,5,0.6856936513620201,0.0445319554623031
fdf94907_oxidase,fdf94907,x8,8,Oxidase + Peroxidase,Oxidase,Peroxidase,independent adjacent,8.8,N,135,x8_adjacent_d8.8_n_a135,First pass,-0.7533694419430503,0.0,-0.4974541364249489,0.5903382859596604,5,5,0.7425385990968407,0.0439318728532364
fdf94907_peroxidase,fdf94907,x8,8,Oxidase + Peroxidase,Peroxidase,Oxidase,independent adjacent,8.8,N,135,x8_adjacent_d8.8_n_a135,GFN1 extended,0.097509716037166,1.3897396085994842,1.0237454676935158,1.3897396085994842,5,5,0.7425385990968407,0.0439318728532364
042041a3_glutathione_peroxidase,042041a3,x9,9,Glutathione Peroxidase + Oxidase,Glutathione Peroxidase,Oxidase,independent separated,13.0,NS,15,x9_separated_d13.0_ns_a15,GFN2 deep,2.374652698776572,0.4617258458229116,-3.494202612940171,3.9559284587630823,5,5,0.7246071187606817,0.0489499897212995
042041a3_oxidase,042041a3,x9,9,Glutathione Peroxidase + Oxidase,Oxidase,Glutathione Peroxidase,independent separated,13.0,NS,15,x9_separated_d13.0_ns_a15,First pass,-1.1254915695958516,0.0,-0.0938673968289549,0.3149343488121303,5,5,0.7246071187606817,0.0489499897212995
0b54c61a_glutathione_peroxidase,0b54c61a,x9,9,Glutathione Peroxidase + Peroxidase,Glutathione Peroxidase,Peroxidase,independent separated,13.0,NS,15,x9_separated_d13.0_ns_a15,GFN1 extended,2.56338587421169,3.4545529574015745,3.4545529574015745,9.348063760957302,5,5,0.7581283354886068,0.045975618639446
0b54c61a_peroxidase,0b54c61a,x9,9,Glutathione Peroxidase + Peroxidase,Peroxidase,Glutathione Peroxidase,independent separated,13.0,NS,15,x9_separated_d13.0_ns_a15,GFN1 SCF fallback,0.6176658711324308,0.7968330306885036,-2.770387400850268,3.567220431538772,5,5,0.7581283354886068,0.045975618639446
956589f6_oxidase,956589f6,x9,9,Oxidase + Peroxidase,Oxidase,Peroxidase,independent separated,13.0,NS,15,x9_separated_d13.0_ns_a15,GFN2 deep,-0.8699029039041761,0.0,-3.439784944493113,3.6995597768450352,5,5,0.7581283354886068,0.045975618639446
956589f6_peroxidase,956589f6,x9,9,Oxidase + Peroxidase,Peroxidase,Oxidase,independent separated,13.0,NS,15,x9_separated_d13.0_ns_a15,GFN1 SCF fallback,0.6176658711306118,0.7968425016897527,-2.8114031010136387,3.6082456027033913,5,5,0.7581283354886068,0.045975618639446
28e1d313_glutathione_peroxidase,28e1d313,x12,12,Glutathione Peroxidase + Oxidase,Glutathione Peroxidase,Oxidase,independent adjacent,6.2,N,105,x12_adjacent_d6.2_n_a105,GFN2 deep,1.7898026145680888,2.4953701544063733,0.3011547034702744,4.1938756016706975,5,5,0.7330025036998372,0.0462584044829098
28e1d313_oxidase,28e1d313,x12,12,Glutathione Peroxidase + Oxidase,Oxidase,Glutathione Peroxidase,independent adjacent,6.2,N,105,x12_adjacent_d6.2_n_a105,First pass,-0.8958769257301356,0.0,-0.2892959890991733,0.5067956751522615,5,5,0.7330025036998372,0.0462584044829098
2c7aacac_catalase,2c7aacac,x12,12,Catalase + Oxidase,Catalase,Oxidase,independent adjacent,6.2,N,105,x12_adjacent_d6.2_n_a105,GFN1 SCF fallback,0.1150612210512918,3.679167100859104,3.679167100859104,3.679167100859104,5,5,0.7708651024442542,0.0474276851029011
2c7aacac_oxidase,2c7aacac,x12,12,Catalase + Oxidase,Oxidase,Catalase,independent adjacent,6.2,N,105,x12_adjacent_d6.2_n_a105,First pass,-0.8903942557303708,0.0,-0.2973413591384997,0.5478142938113706,5,5,0.7708651024442542,0.0474276851029011
36b1c272_oxidase,36b1c272,x12,12,Oxidase + Peroxidase,Oxidase,Peroxidase,independent adjacent,6.2,N,105,x12_adjacent_d6.2_n_a105,First pass,-0.6465579294194868,0.0783535708428644,0.0783535708428644,0.3523437253556949,5,5,0.7362679116430233,0.0456204633735634
36b1c272_peroxidase,36b1c272,x12,12,Oxidase + Peroxidase,Peroxidase,Oxidase,independent adjacent,6.2,N,105,x12_adjacent_d6.2_n_a105,GFN1 SCF fallback,0.2673663185751138,2.277542730377263,2.277542730377263,2.277542730377263,5,5,0.7362679116430233,0.0456204633735634
5e70a71e_glucose_oxidase,5e70a71e,x12,12,Glucose Oxidase + Oxidase,Glucose Oxidase,Oxidase,independent separated,8.8,N,105,x12_separated_d8.8_n_a105,GFN1 SCF fallback,3.0308817228728917,0.0,-3.9925490168507167,4.703089958389683,5,5,0.7861101076701813,0.0390048386967315
5e70a71e_oxidase,5e70a71e,x12,12,Glucose Oxidase + Oxidase,Oxidase,Glucose Oxidase,independent separated,8.8,N,105,x12_separated_d8.8_n_a105,First pass,-1.0755716238168134,0.0,-0.7006374407569638,1.033592103941828,5,5,0.7861101076701813,0.0390048386967315
70a3aabf_glutathione_peroxidase,70a3aabf,x12,12,Glutathione Peroxidase + Peroxidase,Glutathione Peroxidase,Peroxidase,independent separated,8.8,N,105,x12_separated_d8.8_n_a105,GFN1 SCF fallback,1.645444967822641,3.804713492409064,0.2117022403144801,5.087226638339416,5,5,0.7790965683142885,0.0483842280897297
70a3aabf_peroxidase,70a3aabf,x12,12,Glutathione Peroxidase + Peroxidase,Peroxidase,Glutathione Peroxidase,independent separated,8.8,N,105,x12_separated_d8.8_n_a105,GFN2 deep,-0.3900168931277221,1.2425627244247153,-2.1061132503509725,3.348675974775688,5,5,0.7790965683142885,0.0483842280897297
86c9b42d_glutathione_peroxidase,86c9b42d,x12,12,Glutathione Peroxidase + Oxidase,Glutathione Peroxidase,Oxidase,independent separated,8.8,N,105,x12_separated_d8.8_n_a105,GFN2 deep,1.8428687993841777,2.944670619650424,-0.0530349494911206,3.774566820193286,5,5,0.7751991576771755,0.033960599508075
86c9b42d_oxidase,86c9b42d,x12,12,Glutathione Peroxidase + Oxidase,Oxidase,Glutathione Peroxidase,independent separated,8.8,N,105,x12_separated_d8.8_n_a105,First pass,-1.074897120645346,0.0,-0.7004226703938912,1.0313128343550488,5,5,0.7751991576771755,0.033960599508075
93feb5ab_glutathione_peroxidase,93feb5ab,x12,12,Glutathione Peroxidase + Peroxidase,Glutathione Peroxidase,Peroxidase,independent adjacent,6.2,N,105,x12_adjacent_d6.2_n_a105,GFN2 deep,1.795295473194983,2.6854148484981124,0.2884449716166273,4.370132809945062,5,5,0.7362679116430233,0.0456204633735634
93feb5ab_peroxidase,93feb5ab,x12,12,Glutathione Peroxidase + Peroxidase,Peroxidase,Glutathione Peroxidase,independent adjacent,6.2,N,105,x12_adjacent_d6.2_n_a105,GFN1 SCF fallback,0.2673663185751138,2.277525634268386,2.277525634268386,2.277525634268386,5,5,0.7362679116430233,0.0456204633735634
a9e31d5e_catalase,a9e31d5e,x12,12,Catalase + Glutathione Peroxidase,Catalase,Glutathione Peroxidase,independent adjacent,6.2,N,105,x12_adjacent_d6.2_n_a105,GFN1 SCF fallback,0.1150612210494728,3.6899835348085617,3.6899835348085617,3.6899835348085617,5,5,0.7708651024442542,0.0474276851029011
a9e31d5e_glutathione_peroxidase,a9e31d5e,x12,12,Catalase + Glutathione Peroxidase,Glutathione Peroxidase,Catalase,independent adjacent,6.2,N,105,x12_adjacent_d6.2_n_a105,GFN2 deep,0.8034872533289672,4.487289315538874,4.487289315538874,4.719079785540089,5,5,0.7708651024442542,0.0474276851029011
af170bb7_oxidase,af170bb7,x12,12,Oxidase + Peroxidase,Oxidase,Peroxidase,independent separated,8.8,N,105,x12_separated_d8.8_n_a105,GFN2 deep,0.0170584053862512,0.0,-1.980098871694736,1.980098871694736,5,5,0.7790965683142885,0.0483842280897297
af170bb7_peroxidase,af170bb7,x12,12,Oxidase + Peroxidase,Peroxidase,Oxidase,independent separated,8.8,N,105,x12_separated_d8.8_n_a105,GFN2 deep,-0.3900168931286316,1.2422433455940336,-2.1045560552238385,3.346799400817872,5,5,0.7790965683142885,0.0483842280897297
f6a53996_catalase,f6a53996,x12,12,Catalase + Peroxidase,Catalase,Peroxidase,independent adjacent,6.2,N,105,x12_adjacent_d6.2_n_a105,GFN1 SCF fallback,0.1125164875115842,3.9573959432918855,3.9573959432918855,3.9573959432918855,5,5,0.7686061435418896,0.0493679385411829
f6a53996_peroxidase,f6a53996,x12,12,Catalase + Peroxidase,Peroxidase,Catalase,independent adjacent,6.2,N,105,x12_adjacent_d6.2_n_a105,GFN1 SCF fallback,0.1257477360477423,2.0436817613940548,-0.8655761670402171,2.909257928434272,5,5,0.7686061435418896,0.0493679385411829
fe2778ad_glucose_oxidase,fe2778ad,x12,12,Glucose Oxidase + Glutathione Peroxidase,Glucose Oxidase,Glutathione Peroxidase,independent separated,8.8,N,105,x12_separated_d8.8_n_a105,GFN1 SCF fallback,3.0308817228719818,0.0,-3.9972791378504553,4.706536027912989,5,5,0.7861101076701813,0.0390048386967315
fe2778ad_glutathione_peroxidase,fe2778ad,x12,12,Glucose Oxidase + Glutathione Peroxidase,Glutathione Peroxidase,Glucose Oxidase,independent separated,8.8,N,105,x12_separated_d8.8_n_a105,GFN2 extended,1.5805035854186826,4.822635595593965,2.294615753785365,4.822635595593965,5,5,0.7861101076701813,0.0390048386967315
3379bb89_oxidase,3379bb89,x13,13,Oxidase + Peroxidase,Oxidase,Peroxidase,independent adjacent,7.0,S,135,x13_adjacent_d7.0_s_a135,GFN2 deep,-1.1983138732875886,0.0,-1.389645240052232,2.209508425893546,5,5,0.753472461229598,0.0430667671054679
3379bb89_peroxidase,3379bb89,x13,13,Oxidase + Peroxidase,Peroxidase,Oxidase,independent adjacent,7.0,S,135,x13_adjacent_d7.0_s_a135,GFN1 SCF fallback,1.2334747172762943,0.0,-1.5336478913923202,3.5598041867201573,5,5,0.753472461229598,0.0430667671054679
8296035a_glutathione_peroxidase,8296035a,x13,13,Glutathione Peroxidase + Peroxidase,Glutathione Peroxidase,Peroxidase,independent adjacent,7.0,S,135,x13_adjacent_d7.0_s_a135,GFN1 SCF fallback,2.626717130375255,3.002416089027065,2.712971754186583,3.002416089027065,5,5,0.753472461229598,0.0430667671054679
8296035a_peroxidase,8296035a,x13,13,Glutathione Peroxidase + Peroxidase,Peroxidase,Glutathione Peroxidase,independent adjacent,7.0,S,135,x13_adjacent_d7.0_s_a135,GFN1 SCF fallback,1.2334747172762943,0.0,-1.5344945508400087,3.560907074795523,5,5,0.753472461229598,0.0430667671054679
469b639c_glutathione_peroxidase,469b639c,x14,14,Glutathione Peroxidase + Peroxidase,Glutathione Peroxidase,Peroxidase,independent adjacent,7.4,NS,15,x14_adjacent_d7.4_ns_a15,GFN2 deep,2.6195273010698656,1.5243063403086126,-4.177288302060333,5.701594642368946,5,5,0.7270300521489487,0.0466324648413226
469b639c_peroxidase,469b639c,x14,14,Glutathione Peroxidase + Peroxidase,Peroxidase,Glutathione Peroxidase,independent adjacent,7.4,NS,15,x14_adjacent_d7.4_ns_a15,GFN1 SCF fallback,1.2132472436383068,0.0,-1.6891371409128624,1.968642072763032,5,5,0.7270300521489487,0.0466324648413226
60c3b8a7_glutathione_peroxidase,60c3b8a7,x14,14,Glutathione Peroxidase + Oxidase,Glutathione Peroxidase,Oxidase,independent separated,10.4,S,15,x14_separated_d10.4_s_a15,GFN2 deep,2.4915113629526786,0.0,-3.8222790114723466,4.514317885435048,5,5,0.7168413701931652,0.0482217424112602
60c3b8a7_oxidase,60c3b8a7,x14,14,Glutathione Peroxidase + Oxidase,Oxidase,Glutathione Peroxidase,independent separated,10.4,S,15,x14_separated_d10.4_s_a15,First pass,-0.8529700708913879,0.0,-0.9773354972530796,1.2076148208516315,5,5,0.7168413701931652,0.0482217424112602
84c6fc50_oxidase,84c6fc50,x14,14,Oxidase + Peroxidase,Oxidase,Peroxidase,independent adjacent,7.4,NS,15,x14_adjacent_d7.4_ns_a15,GFN2 deep,-0.9666619024756072,0.0,-3.4398186398639155,3.510209013341409,5,5,0.7270300521489487,0.0466324648413226
84c6fc50_peroxidase,84c6fc50,x14,14,Oxidase + Peroxidase,Peroxidase,Oxidase,independent adjacent,7.4,NS,15,x14_adjacent_d7.4_ns_a15,GFN1 SCF fallback,1.2132472436369426,0.0,-1.6882559676960227,1.9683749843297849,5,5,0.7270300521489487,0.0466324648413226
87785d3e_glucose_oxidase,87785d3e,x14,14,Glucose Oxidase + Glutathione Peroxidase,Glucose Oxidase,Glutathione Peroxidase,independent adjacent,7.4,NS,15,x14_adjacent_d7.4_ns_a15,GFN1 SCF fallback,3.0620220245423297,2.253892839637956,-3.2029532077394838,5.456846047377439,5,5,0.7717382000676738,0.0491911062102813
87785d3e_glutathione_peroxidase,87785d3e,x14,14,Glucose Oxidase + Glutathione Peroxidase,Glutathione Peroxidase,Glucose Oxidase,independent adjacent,7.4,NS,15,x14_adjacent_d7.4_ns_a15,GFN2 deep,2.2839851514668226,0.0,-2.4868865140670096,5.081619936496281,5,5,0.7717382000676738,0.0491911062102813
a465dd19_glutathione_peroxidase,a465dd19,x14,14,Glutathione Peroxidase + Oxidase,Glutathione Peroxidase,Oxidase,independent adjacent,7.4,NS,15,x14_adjacent_d7.4_ns_a15,GFN2 deep,2.6179433340616924,0.6665178071070841,-2.729311082717686,3.39582888982477,5,5,0.7542325842980877,0.0498908469440307
a465dd19_oxidase,a465dd19,x14,14,Glutathione Peroxidase + Oxidase,Oxidase,Glutathione Peroxidase,independent adjacent,7.4,NS,15,x14_adjacent_d7.4_ns_a15,First pass,-0.707951266559121,0.0,-0.1271687166131414,0.3273305529564823,5,5,0.7542325842980877,0.0498908469440307
f070549b_glucose_oxidase,f070549b,x14,14,Glucose Oxidase + Oxidase,Glucose Oxidase,Oxidase,independent adjacent,7.4,NS,15,x14_adjacent_d7.4_ns_a15,GFN1 SCF fallback,3.0620220245427845,2.253882156185682,-3.204394484947443,5.458276641133125,5,5,0.7717382000676738,0.0491911062102813
f070549b_oxidase,f070549b,x14,14,Glucose Oxidase + Oxidase,Oxidase,Glucose Oxidase,independent adjacent,7.4,NS,15,x14_adjacent_d7.4_ns_a15,First pass,-0.7043344871394766,0.0,-0.1347416042312943,0.3911855965088762,5,5,0.7717382000676738,0.0491911062102813
023f943c_catalase,023f943c,x15,15,Catalase + Peroxidase,Catalase,Peroxidase,independent separated,11.4,N,45,x15_separated_d11.4_n_a45,GFN1 SCF fallback,0.1326502233105202,3.387598799112311,3.387598799112311,3.387598799112311,5,5,0.7213681534018941,0.0496644291469345
023f943c_peroxidase,023f943c,x15,15,Catalase + Peroxidase,Peroxidase,Catalase,independent separated,11.4,N,45,x15_separated_d11.4_n_a45,GFN1 SCF fallback,0.3858211686920185,1.321820766484052,-1.987382862628692,3.309203629112744,5,5,0.7213681534018941,0.0496644291469345
14a1b2af_glutathione_peroxidase,14a1b2af,x15,15,Glutathione Peroxidase + Oxidase,Glutathione Peroxidase,Oxidase,independent separated,11.4,N,45,x15_separated_d11.4_n_a45,GFN2 deep,1.4843638756892688,2.455499345589488,2.455499345589488,3.111081724888209,5,5,0.6999556574880993,0.0452532368876737
14a1b2af_oxidase,14a1b2af,x15,15,Glutathione Peroxidase + Oxidase,Oxidase,Glutathione Peroxidase,independent separated,11.4,N,45,x15_separated_d11.4_n_a45,First pass,-0.650657579304152,0.3443760923651098,0.3443760923651098,0.5160953175186478,5,5,0.6999556574880993,0.0452532368876737
4a58a8b0_glutathione_peroxidase,4a58a8b0,x15,15,Glutathione Peroxidase + Peroxidase,Glutathione Peroxidase,Peroxidase,independent separated,11.4,N,45,x15_separated_d11.4_n_a45,GFN2 deep,1.4843533543107696,2.4592597296514214,2.4592597296514214,3.1090167436977936,5,5,0.6951393711521029,0.0498898590767119
4a58a8b0_peroxidase,4a58a8b0,x15,15,Glutathione Peroxidase + Peroxidase,Peroxidase,Glutathione Peroxidase,independent separated,11.4,N,45,x15_separated_d11.4_n_a45,GFN1 SCF fallback,0.3849576959210026,1.318875297586601,-1.9855040038064544,3.304379301393056,5,5,0.6951393711521029,0.0498898590767119
c99c7536_oxidase,c99c7536,x15,15,Oxidase + Peroxidase,Oxidase,Peroxidase,independent separated,11.4,N,45,x15_separated_d11.4_n_a45,First pass,1.016873740095889,0.0,-0.0758733815355299,0.2736748806873947,5,5,0.6951393711521029,0.0498898590767119
c99c7536_peroxidase,c99c7536,x15,15,Oxidase + Peroxidase,Peroxidase,Oxidase,independent separated,11.4,N,45,x15_separated_d11.4_n_a45,GFN1 SCF fallback,0.3849576959260048,1.3187897387324483,-1.9851436934313824,3.3039334321638307,5,5,0.6951393711521029,0.0498898590767119
1147bd17_glutathione_peroxidase,1147bd17,x16,16,Glutathione Peroxidase + Peroxidase,Glutathione Peroxidase,Peroxidase,independent adjacent,8.8,N,75,x16_adjacent_d8.8_n_a75,GFN2 deep,1.7125840104267809,2.435178818717759,-1.2273899091278508,3.782341835035368,5,5,0.779642814544885,0.0391047187442731
1147bd17_peroxidase,1147bd17,x16,16,Glutathione Peroxidase + Peroxidase,Peroxidase,Glutathione Peroxidase,independent adjacent,8.8,N,75,x16_adjacent_d8.8_n_a75,GFN1 SCF fallback,0.5358657673104972,0.9888885952327656,-4.590019633150405,5.57890822838317,5,5,0.779642814544885,0.0391047187442731
33a6ea13_catalase,33a6ea13,x16,16,Catalase + Glutathione Peroxidase,Catalase,Glutathione Peroxidase,independent separated,12.0,N,75,x16_separated_d12.0_n_a75,GFN1 SCF fallback,0.291500777100282,2.787662551532776,2.787662551532776,2.787662551532776,5,5,0.7563008113436678,0.0469176480076517
33a6ea13_glutathione_peroxidase,33a6ea13,x16,16,Catalase + Glutathione Peroxidase,Glutathione Peroxidase,Catalase,independent separated,12.0,N,75,x16_separated_d12.0_n_a75,GFN2 deep,1.011248765023538,4.724167986478278,4.724167986478278,4.724167986478278,5,5,0.7563008113436678,0.0469176480076517
7c1572c8_glutathione_peroxidase,7c1572c8,x16,16,Glutathione Peroxidase + Oxidase,Glutathione Peroxidase,Oxidase,independent adjacent,8.8,N,75,x16_adjacent_d8.8_n_a75,GFN1 extended,1.7063884363124089,2.6498022622354256,1.571826647576927,5.1468985601650274,5,5,0.7751575607639989,0.0472200086112643
7c1572c8_oxidase,7c1572c8,x16,16,Glutathione Peroxidase + Oxidase,Oxidase,Glutathione Peroxidase,independent adjacent,8.8,N,75,x16_adjacent_d8.8_n_a75,GFN2 deep,-0.0282158636441636,0.0,-3.4170215998433378,3.4170215998433378,5,5,0.7751575607639989,0.0472200086112643
937196b3_catalase,937196b3,x16,16,Catalase + Oxidase,Catalase,Oxidase,independent separated,12.0,N,75,x16_separated_d12.0_n_a75,GFN1 SCF fallback,0.2915007770998272,2.787195141749635,2.787195141749635,2.787195141749635,5,5,0.7563008113436678,0.0469176480076517
937196b3_oxidase,937196b3,x16,16,Catalase + Oxidase,Oxidase,Catalase,independent separated,12.0,N,75,x16_separated_d12.0_n_a75,First pass,-0.8218743579573129,0.2271723763669797,0.2271723763669797,0.2739642216497486,5,5,0.7563008113436678,0.0469176480076517
aad1192f_glucose_oxidase,aad1192f,x16,16,Glucose Oxidase + Glutathione Peroxidase,Glucose Oxidase,Glutathione Peroxidase,independent adjacent,8.8,N,75,x16_adjacent_d8.8_n_a75,GFN1 extended,0.8144940125821449,0.0,-3.071883922911184,3.071883922911184,5,5,0.7820164393005788,0.0495856411773396
aad1192f_glutathione_peroxidase,aad1192f,x16,16,Glucose Oxidase + Glutathione Peroxidase,Glutathione Peroxidase,Glucose Oxidase,independent adjacent,8.8,N,75,x16_adjacent_d8.8_n_a75,GFN2 deep,1.8133323726738129,3.391605473533673,3.391605473533673,5.18762348218479,5,5,0.7820164393005788,0.0495856411773396
d0ee8b98_oxidase,d0ee8b98,x16,16,Oxidase + Peroxidase,Oxidase,Peroxidase,independent adjacent,8.8,N,75,x16_adjacent_d8.8_n_a75,First pass,-1.0484193904576389,0.0,-0.693753644048229,1.00176084447412,5,5,0.779642814544885,0.0391047187442731
d0ee8b98_peroxidase,d0ee8b98,x16,16,Oxidase + Peroxidase,Peroxidase,Oxidase,independent adjacent,8.8,N,75,x16_adjacent_d8.8_n_a75,GFN1 SCF fallback,0.5358657673077687,0.9888918521942288,-4.59412558383201,5.583017436026239,5,5,0.779642814544885,0.0391047187442731
d3b8fed5_glutathione_peroxidase,d3b8fed5,x16,16,Glutathione Peroxidase + Oxidase,Glutathione Peroxidase,Oxidase,independent separated,12.0,N,75,x16_separated_d12.0_n_a75,GFN2 deep,1.972427246791085,0.0,-4.310763684559788,4.310763684559788,5,5,0.7117523110621027,0.0475780214882089
d3b8fed5_oxidase,d3b8fed5,x16,16,Glutathione Peroxidase + Oxidase,Oxidase,Glutathione Peroxidase,independent separated,12.0,N,75,x16_separated_d12.0_n_a75,GFN2 deep,-0.8221742484970491,0.115967207045287,-1.6189450195247446,1.9005264965921924,5,5,0.7117523110621027,0.0475780214882089
ff87b8d1_glucose_oxidase,ff87b8d1,x16,16,Glucose Oxidase + Oxidase,Glucose Oxidase,Oxidase,independent adjacent,8.8,N,75,x16_adjacent_d8.8_n_a75,GFN1 extended,0.8144940125830544,0.0,-3.060466580081993,3.060466580081993,5,5,0.7820164393005788,0.0495856411773396
ff87b8d1_oxidase,ff87b8d1,x16,16,Glucose Oxidase + Oxidase,Oxidase,Glucose Oxidase,independent adjacent,8.8,N,75,x16_adjacent_d8.8_n_a75,GFN2 deep,-0.0269748151445128,0.0,-3.4392489640599706,3.4392489640599706,5,5,0.7820164393005788,0.0495856411773396
324f14f5_glutathione_peroxidase,324f14f5,x17,17,Glutathione Peroxidase + Peroxidase,Glutathione Peroxidase,Peroxidase,independent separated,13.0,NS,105,x17_separated_d13.0_ns_a105,GFN2 deep,3.1430475070219472,3.4298555222812865,3.4298555222812865,3.4298555222812865,5,5,0.7610213236926583,0.0400481082038799
324f14f5_peroxidase,324f14f5,x17,17,Glutathione Peroxidase + Peroxidase,Peroxidase,Glutathione Peroxidase,independent separated,13.0,NS,105,x17_separated_d13.0_ns_a105,GFN2 deep,0.2986652412923831,0.9232560366917824,-2.3689869955078398,3.2922430321996217,5,5,0.7610213236926583,0.0400481082038799
4cce34b2_oxidase,4cce34b2,x17,17,Oxidase + Peroxidase,Oxidase,Peroxidase,bridged,7.6,NS,105,x17_bridged_d7.6_ns_a105,GFN1 SCF fallback,2.0933103522172587,0.0,-1.41840329680781,1.41840329680781,5,5,0.6719887097721401,0.0486715223939532
4cce34b2_peroxidase,4cce34b2,x17,17,Oxidase + Peroxidase,Peroxidase,Oxidase,bridged,7.6,NS,105,x17_bridged_d7.6_ns_a105,GFN1 extended,0.705354803946193,0.0,-5.370711873420078,5.370711873420078,5,5,0.6719887097721401,0.0486715223939532
77a7b144_oxidase,77a7b144,x17,17,Oxidase + Peroxidase,Oxidase,Peroxidase,independent separated,13.0,NS,105,x17_separated_d13.0_ns_a105,First pass,-0.4860226020227856,0.0,-0.1661120161320468,0.5004647728442251,5,5,0.7610213236926583,0.0400481082038799
77a7b144_peroxidase,77a7b144,x17,17,Oxidase + Peroxidase,Peroxidase,Oxidase,independent separated,13.0,NS,105,x17_separated_d13.0_ns_a105,GFN2 deep,0.2986652412942021,0.9297739444227772,-2.371604724268764,3.301378668691541,5,5,0.7610213236926583,0.0400481082038799
83ccba7e_catalase,83ccba7e,x17,17,Catalase + Peroxidase,Catalase,Peroxidase,independent separated,13.0,NS,105,x17_separated_d13.0_ns_a105,First pass,0.4937792694956897,1.9059681422372703,1.9059681422372703,1.9175387660689007,5,5,0.7674268704995748,0.0499165562112098
83ccba7e_peroxidase,83ccba7e,x17,17,Catalase + Peroxidase,Peroxidase,Catalase,independent separated,13.0,NS,105,x17_separated_d13.0_ns_a105,GFN2 deep,0.2988215830250738,0.9351918672673492,-2.353754089361246,3.288945956628595,5,5,0.7674268704995748,0.0499165562112098
9557875a_oxidase,9557875a,x17,17,Oxidase + Peroxidase,Oxidase,Peroxidase,independent adjacent,9.2,S,105,x17_adjacent_d9.2_s_a105,First pass,0.4100158393853235,0.0,-0.0899517191210179,0.3473190933164005,5,5,0.7657656944558495,0.0494346510256475
9557875a_peroxidase,9557875a,x17,17,Oxidase + Peroxidase,Peroxidase,Oxidase,independent adjacent,9.2,S,105,x17_adjacent_d9.2_s_a105,First pass,0.1970411905581386,1.4357575064605044,1.4357575064605044,1.4357575064605044,5,5,0.7657656944558495,0.0494346510256475
e0cd31ae_glutathione_peroxidase,e0cd31ae,x17,17,Glutathione Peroxidase + Peroxidase,Glutathione Peroxidase,Peroxidase,independent adjacent,9.2,S,105,x17_adjacent_d9.2_s_a105,GFN1 SCF fallback,2.021433287232867,4.747513166549652,4.177911706031409,4.747513166549652,5,5,0.7657656944558495,0.0494346510256475
e0cd31ae_peroxidase,e0cd31ae,x17,17,Glutathione Peroxidase + Peroxidase,Peroxidase,Glutathione Peroxidase,independent adjacent,9.2,S,105,x17_adjacent_d9.2_s_a105,GFN2 deep,0.1970411905599576,1.459296044528401,-1.820471200357133,3.2797672448855337,5,5,0.7657656944558495,0.0494346510256475
e3fd0119_glutathione_peroxidase,e3fd0119,x17,17,Glutathione Peroxidase + Oxidase,Glutathione Peroxidase,Oxidase,independent adjacent,9.2,S,105,x17_adjacent_d9.2_s_a105,GFN2 deep,2.09464275843402,3.963377461774144,-0.2638787740725092,4.227256235846653,5,5,0.7589611527281492,0.0498992320306291
e3fd0119_oxidase,e3fd0119,x17,17,Glutathione Peroxidase + Oxidase,Oxidase,Glutathione Peroxidase,independent adjacent,9.2,S,105,x17_adjacent_d9.2_s_a105,First pass,-0.9821648776210168,0.128571987030682,0.128571987030682,0.3078795638584779,5,5,0.7589611527281492,0.0498992320306291
0f467492_oxidase,0f467492,x19,19,Oxidase + Peroxidase,Oxidase,Peroxidase,independent separated,14.6,N,15,x19_separated_d14.6_n_a15,GFN2 deep,-0.8593883250055114,0.0,-1.2864400774610658,1.950858505411361,5,5,0.7050384689857184,0.0486279128311497
0f467492_peroxidase,0f467492,x19,19,Oxidase + Peroxidase,Peroxidase,Oxidase,independent separated,14.6,N,15,x19_separated_d14.6_n_a15,GFN1 SCF fallback,0.0367540750426087,2.201389142656353,-0.7128728392713128,2.914261981927666,5,5,0.7050384689857184,0.0486279128311497
8de672d0_glutathione_peroxidase,8de672d0,x19,19,Glutathione Peroxidase + Oxidase,Glutathione Peroxidase,Oxidase,independent separated,14.6,N,15,x19_separated_d14.6_n_a15,GFN1 extended,2.4615478079203967,1.4614499888139107,-1.177964088546105,5.172869193273073,5,5,0.7028794989734736,0.0482526815281951
8de672d0_oxidase,8de672d0,x19,19,Glutathione Peroxidase + Oxidase,Oxidase,Glutathione Peroxidase,independent separated,14.6,N,15,x19_separated_d14.6_n_a15,GFN2 deep,-1.057807176305232,0.0,-2.5752829600933183,2.729844689601123,5,5,0.7028794989734736,0.0482526815281951
a009cc05_glutathione_peroxidase,a009cc05,x19,19,Glutathione Peroxidase + Oxidase,Glutathione Peroxidase,Oxidase,independent adjacent,10.4,N,15,x19_adjacent_d10.4_n_a15,GFN1 extended,2.3236532180389986,0.0,-0.3638310336173163,2.3267058888759493,5,5,0.7356466239051384,0.0499921761899505
a009cc05_oxidase,a009cc05,x19,19,Glutathione Peroxidase + Oxidase,Oxidase,Glutathione Peroxidase,independent adjacent,10.4,N,15,x19_adjacent_d10.4_n_a15,GFN2 deep,-0.8607717794034215,0.0,-0.2571614389180467,0.578185104718159,5,5,0.7356466239051384,0.0499921761899505
ab534c30_glutathione_peroxidase,ab534c30,x19,19,Glutathione Peroxidase + Peroxidase,Glutathione Peroxidase,Peroxidase,independent separated,14.6,N,15,x19_separated_d14.6_n_a15,GFN1 extended,2.461310153119939,1.4730505681982322,-1.165296453677911,5.217534581275686,5,5,0.7050384689857184,0.0486279128311497
ab534c30_peroxidase,ab534c30,x19,19,Glutathione Peroxidase + Peroxidase,Peroxidase,Glutathione Peroxidase,independent separated,14.6,N,15,x19_separated_d14.6_n_a15,GFN1 SCF fallback,0.0367540750416992,2.2016058055100984,-2.907197031009673,5.108802836519772,5,5,0.7050384689857184,0.0486279128311497
10881684_glutathione_peroxidase,10881684,x20,20,Glutathione Peroxidase + Oxidase,Glutathione Peroxidase,Oxidase,independent adjacent,6.2,N,45,x20_adjacent_d6.2_n_a45,GFN1 SCF fallback,2.4527677174046403,2.8764346131174534,0.1892976730878217,2.8764346131174534,5,5,0.6990580851591767,0.045796298078177
10881684_oxidase,10881684,x20,20,Glutathione Peroxidase + Oxidase,Oxidase,Glutathione Peroxidase,independent adjacent,6.2,N,45,x20_adjacent_d6.2_n_a45,First pass,-1.591585359669125,0.1827675248764535,0.1827675248764535,0.3720294061686218,5,5,0.6990580851591767,0.045796298078177
40a34f3b_glutathione_peroxidase,40a34f3b,x20,20,Glutathione Peroxidase + Peroxidase,Glutathione Peroxidase,Peroxidase,independent separated,8.8,N,45,x20_separated_d8.8_n_a45,GFN2 deep,1.4759487829610407,1.582893079731548,0.115170420931463,1.582893079731548,5,5,0.7441726411084308,0.0485155991340531
40a34f3b_peroxidase,40a34f3b,x20,20,Glutathione Peroxidase + Peroxidase,Peroxidase,Glutathione Peroxidase,independent separated,8.8,N,45,x20_separated_d8.8_n_a45,GFN1 SCF fallback,0.4426060710934507,1.4336467265052306,-2.829975861481671,4.263622587986902,5,5,0.7441726411084308,0.0485155991340531
445ecd99_glucose_oxidase,445ecd99,x20,20,Glucose Oxidase + Glutathione Peroxidase,Glucose Oxidase,Glutathione Peroxidase,independent separated,8.8,N,45,x20_separated_d8.8_n_a45,GFN1 extended,3.7471577359333423,2.164755028205036,-2.115269321886444,4.28002435009148,5,5,0.7643492601885404,0.0430888824771564
445ecd99_glutathione_peroxidase,445ecd99,x20,20,Glucose Oxidase + Glutathione Peroxidase,Glutathione Peroxidase,Glucose Oxidase,independent separated,8.8,N,45,x20_separated_d8.8_n_a45,GFN2 deep,2.1698748947169406,3.444447808035875,0.713086807970285,3.444447808035875,5,5,0.7643492601885404,0.0430888824771564
52e70cee_catalase,52e70cee,x20,20,Catalase + Peroxidase,Catalase,Peroxidase,independent separated,8.8,N,45,x20_separated_d8.8_n_a45,GFN1 SCF fallback,0.2946487101353341,2.177164214219829,-1.177657976772025,3.354822190991854,5,5,0.7688037411069062,0.0457597118710252
52e70cee_peroxidase,52e70cee,x20,20,Catalase + Peroxidase,Peroxidase,Catalase,independent separated,8.8,N,45,x20_separated_d8.8_n_a45,GFN1 SCF fallback,0.4405703885236107,1.3779428134957925,-0.7303354323576059,2.1082782458533984,5,5,0.7688037411069062,0.0457597118710252
7dbb8378_catalase,7dbb8378,x20,20,Catalase + Oxidase,Catalase,Oxidase,independent separated,8.8,N,45,x20_separated_d8.8_n_a45,GFN1 SCF fallback,0.2962190068151358,2.182899374007775,-1.1976000064041727,3.380499380411948,5,5,0.7702264809970791,0.0364550401651696
7dbb8378_oxidase,7dbb8378,x20,20,Catalase + Oxidase,Oxidase,Catalase,independent separated,8.8,N,45,x20_separated_d8.8_n_a45,First pass,-0.7040873422806726,0.1672538838211039,0.1672538838211039,0.3276413162939207,5,5,0.7702264809970791,0.0364550401651696
8828f789_catalase,8828f789,x20,20,Catalase + Glutathione Peroxidase,Catalase,Glutathione Peroxidase,independent separated,8.8,N,45,x20_separated_d8.8_n_a45,GFN1 SCF fallback,0.2962190068160453,2.197837906537643,-1.1795271345008589,3.3773650410385017,5,5,0.7702264809970791,0.0364550401651696
8828f789_glutathione_peroxidase,8828f789,x20,20,Catalase + Glutathione Peroxidase,Glutathione Peroxidase,Catalase,independent separated,8.8,N,45,x20_separated_d8.8_n_a45,GFN2 deep,2.169942837115741,3.426325796900528,0.6510589744302706,3.426325796900528,5,5,0.7702264809970791,0.0364550401651696
89743efe_catalase,89743efe,x20,20,Catalase + Peroxidase,Catalase,Peroxidase,independent adjacent,6.2,N,45,x20_adjacent_d6.2_n_a45,GFN1 SCF fallback,-0.1269677459908962,3.97319491997996,3.97319491997996,3.97319491997996,5,5,0.7281605783901766,0.0376382113057904
89743efe_peroxidase,89743efe,x20,20,Catalase + Peroxidase,Peroxidase,Catalase,independent adjacent,6.2,N,45,x20_adjacent_d6.2_n_a45,GFN1 SCF fallback,-0.5973358851376815,2.551429153429126,2.551429153429126,2.551429153429126,5,5,0.7281605783901766,0.0376382113057904
97a889c9_glutathione_peroxidase,97a889c9,x20,20,Glutathione Peroxidase + Oxidase,Glutathione Peroxidase,Oxidase,independent separated,8.8,N,45,x20_separated_d8.8_n_a45,GFN2 deep,1.4763466846638948,1.571684258775349,0.1052647294727648,1.571684258775349,5,5,0.7457705692235291,0.04079836591388
97a889c9_oxidase,97a889c9,x20,20,Glutathione Peroxidase + Oxidase,Oxidase,Glutathione Peroxidase,independent separated,8.8,N,45,x20_separated_d8.8_n_a45,First pass,-0.7035606017593636,0.0987232516486074,0.0987232516486074,0.3298331328201129,5,5,0.7457705692235291,0.04079836591388
a164ecde_oxidase,a164ecde,x20,20,Oxidase + Peroxidase,Oxidase,Peroxidase,independent adjacent,6.2,N,45,x20_adjacent_d6.2_n_a45,First pass,-0.6353147885438375,0.0,-0.566248543587335,0.9022127900202576,5,5,0.7014018834997138,0.0498407819570961
a164ecde_peroxidase,a164ecde,x20,20,Oxidase + Peroxidase,Peroxidase,Oxidase,independent adjacent,6.2,N,45,x20_adjacent_d6.2_n_a45,GFN1 SCF fallback,-0.8623392049696577,2.829185911010427,2.829185911010427,2.829185911010427,5,5,0.7014018834997138,0.0498407819570961
ac78230b_glucose_oxidase,ac78230b,x20,20,Glucose Oxidase + Oxidase,Glucose Oxidase,Oxidase,independent separated,8.8,N,45,x20_separated_d8.8_n_a45,GFN1 SCF fallback,3.7471577359333423,0.1152894494844076,-1.826290475642054,1.9415799251264616,5,5,0.7643492601885404,0.0430888824771564
ac78230b_oxidase,ac78230b,x20,20,Glucose Oxidase + Oxidase,Oxidase,Glucose Oxidase,independent separated,8.8,N,45,x20_separated_d8.8_n_a45,GFN2 deep,-0.7042276951397071,0.1727986155210601,0.1727986155210601,0.3080959282851836,5,5,0.7643492601885404,0.0430888824771564
c134acbe_catalase,c134acbe,x20,20,Catalase + Glutathione Peroxidase,Catalase,Glutathione Peroxidase,independent adjacent,6.2,N,45,x20_adjacent_d6.2_n_a45,GFN1 extended,-0.1293214338643338,4.020395173050474,4.020395173050474,4.020395173050474,5,5,0.7261656092063944,0.0389914028654469
c134acbe_glutathione_peroxidase,c134acbe,x20,20,Catalase + Glutathione Peroxidase,Glutathione Peroxidase,Catalase,independent adjacent,6.2,N,45,x20_adjacent_d6.2_n_a45,GFN2 deep,0.4604557580496475,1.2565229888155045,0.096664494111792,1.667700067442638,5,5,0.7261656092063944,0.0389914028654469
cb6a0baf_glutathione_peroxidase,cb6a0baf,x20,20,Glutathione Peroxidase + Peroxidase,Glutathione Peroxidase,Peroxidase,independent adjacent,6.2,N,45,x20_adjacent_d6.2_n_a45,GFN1 extended,2.450712533704973,2.6551567305168646,2.6551567305168646,3.0658397263950974,5,5,0.7014018834997138,0.0498407819570961
cb6a0baf_peroxidase,cb6a0baf,x20,20,Glutathione Peroxidase + Peroxidase,Peroxidase,Glutathione Peroxidase,independent adjacent,6.2,N,45,x20_adjacent_d6.2_n_a45,GFN1 SCF fallback,-0.8623392049685208,2.8291781795683164,2.8291781795683164,2.8291781795683164,5,5,0.7014018834997138,0.0498407819570961
ed63c308_catalase,ed63c308,x20,20,Catalase + Oxidase,Catalase,Oxidase,independent adjacent,6.2,N,45,x20_adjacent_d6.2_n_a45,GFN1 extended,-0.1293214338625148,4.021393762693606,4.021393762693606,4.021393762693606,5,5,0.7261656092063944,0.0389914028654469
ed63c308_oxidase,ed63c308,x20,20,Catalase + Oxidase,Oxidase,Catalase,independent adjacent,6.2,N,45,x20_adjacent_d6.2_n_a45,First pass,-1.5243079133347237,0.0760144773826141,0.0760144773826141,0.2520569764642459,5,5,0.7261656092063944,0.0389914028654469
f7a85d5f_oxidase,f7a85d5f,x20,20,Oxidase + Peroxidase,Oxidase,Peroxidase,independent separated,8.8,N,45,x20_separated_d8.8_n_a45,GFN2 deep,-0.8920055213857268,0.0,-0.5879106378961296,0.9016510952683348,5,5,0.7441726411084308,0.0485155991340531
f7a85d5f_peroxidase,f7a85d5f,x20,20,Oxidase + Peroxidase,Peroxidase,Oxidase,independent separated,8.8,N,45,x20_separated_d8.8_n_a45,GFN1 SCF fallback,0.4426060710907222,1.433637414142595,-2.8320842321677446,4.26572164631034,5,5,0.7441726411084308,0.0485155991340531
041d77dd_glutathione_peroxidase,041d77dd,x21,21,Glutathione Peroxidase + Peroxidase,Glutathione Peroxidase,Peroxidase,independent separated,9.8,NS,75,x21_separated_d9.8_ns_a75,GFN1 extended,2.131605725771351,5.227478460407838,2.447604273823345,5.227478460407838,5,5,0.7128336754291368,0.0440221198446846
041d77dd_peroxidase,041d77dd,x21,21,Glutathione Peroxidase + Peroxidase,Peroxidase,Glutathione Peroxidase,independent separated,9.8,NS,75,x21_separated_d9.8_ns_a75,GFN1 extended,1.8665916385598396,0.0,-5.494270584359583,5.494270584359583,5,5,0.7128336754291368,0.0440221198446846
1be9a0ce_catalase,1be9a0ce,x21,21,Catalase + Oxidase,Catalase,Oxidase,independent separated,9.8,NS,75,x21_separated_d9.8_ns_a75,GFN1 SCF fallback,0.3009452717101339,3.345313628031363,3.345313628031363,3.345313628031363,5,5,0.7523595840883148,0.0487899422916002
1be9a0ce_oxidase,1be9a0ce,x21,21,Catalase + Oxidase,Oxidase,Catalase,independent separated,9.8,NS,75,x21_separated_d9.8_ns_a75,First pass,-1.036808796565765,0.0,-3.829485184612168,4.0478834359400935,5,5,0.7523595840883148,0.0487899422916002
242dc5ee_glutathione_peroxidase,242dc5ee,x21,21,Glutathione Peroxidase + Oxidase,Glutathione Peroxidase,Oxidase,independent separated,9.8,NS,75,x21_separated_d9.8_ns_a75,GFN2 deep,2.566462598171711,0.8967607401173154,0.8109516589838677,0.8967607401173154,5,5,0.686118164765252,0.0440248346278759
242dc5ee_oxidase,242dc5ee,x21,21,Glutathione Peroxidase + Oxidase,Oxidase,Glutathione Peroxidase,independent separated,9.8,NS,75,x21_separated_d9.8_ns_a75,GFN2 deep,0.6029597622609799,0.0,-3.679774883901701,3.840656728204976,5,5,0.686118164765252,0.0440248346278759
383785f2_catalase,383785f2,x21,21,Catalase + Glutathione Peroxidase,Catalase,Glutathione Peroxidase,independent separated,9.8,NS,75,x21_separated_d9.8_ns_a75,GFN1 SCF fallback,0.300945271708315,3.345313441602684,3.345313441602684,3.345313441602684,5,5,0.7523595840883148,0.0487899422916002
383785f2_glutathione_peroxidase,383785f2,x21,21,Catalase + Glutathione Peroxidase,Glutathione Peroxidase,Catalase,independent separated,9.8,NS,75,x21_separated_d9.8_ns_a75,GFN2 deep,2.3776189586128567,4.246435384472534,-2.985438228404746,7.23187361287728,5,5,0.7523595840883148,0.0487899422916002
6b6d60b0_catalase,6b6d60b0,x21,21,Catalase + Oxidase,Catalase,Oxidase,bridged,5.8,NS,75,x21_bridged_d5.8_ns_a75,GFN1 SCF fallback,0.0624313736489057,3.0108726610933445,3.0108726610933445,3.0108726610933445,5,5,0.7709690848808621,0.0496302428344888
6b6d60b0_oxidase,6b6d60b0,x21,21,Catalase + Oxidase,Oxidase,Catalase,bridged,5.8,NS,75,x21_bridged_d5.8_ns_a75,GFN1 SCF fallback,-0.371944550703347,0.0,-5.823534551843295,5.906565957939165,5,5,0.7709690848808621,0.0496302428344888
babc42dd_oxidase,babc42dd,x21,21,Oxidase + Peroxidase,Oxidase,Peroxidase,bridged,5.8,NS,75,x21_bridged_d5.8_ns_a75,GFN1 SCF fallback,-1.5013961344927793,0.0,-0.9692551418065704,1.1828332721352126,5,5,0.7046797261273935,0.046952550000309
babc42dd_peroxidase,babc42dd,x21,21,Oxidase + Peroxidase,Peroxidase,Oxidase,bridged,5.8,NS,75,x21_bridged_d5.8_ns_a75,GFN1 extended,-0.352264883483258,0.0,-8.346943371499947,8.346943371499947,5,5,0.7046797261273935,0.046952550000309
e20f356a_oxidase,e20f356a,x21,21,Oxidase + Peroxidase,Oxidase,Peroxidase,independent separated,9.8,NS,75,x21_separated_d9.8_ns_a75,First pass,0.2573494840294188,0.0,-0.7708345829041718,0.7957766679146516,5,5,0.7128336754291368,0.0440221198446846
e20f356a_peroxidase,e20f356a,x21,21,Oxidase + Peroxidase,Peroxidase,Oxidase,independent separated,9.8,NS,75,x21_separated_d9.8_ns_a75,GFN1 extended,1.8665916385616583,0.0,-5.57465884411431,5.57465884411431,5,5,0.7128336754291368,0.0440221198446846
f7128d92_catalase,f7128d92,x21,21,Catalase + Peroxidase,Catalase,Peroxidase,independent separated,9.8,NS,75,x21_separated_d9.8_ns_a75,GFN1 SCF fallback,0.3014792834287618,3.351685750868455,3.351685750868455,3.351685750868455,5,5,0.7867869847664679,0.0397976538119046
f7128d92_peroxidase,f7128d92,x21,21,Catalase + Peroxidase,Peroxidase,Catalase,independent separated,9.8,NS,75,x21_separated_d9.8_ns_a75,GFN1 extended,1.902606555592229,0.479547884875501,-4.618348555331977,5.097896440207478,5,5,0.7867869847664679,0.0397976538119046
2eb65b9e_glucose_oxidase,2eb65b9e,x23,23,Glucose Oxidase + Oxidase,Glucose Oxidase,Oxidase,independent separated,11.4,N,135,x23_separated_d11.4_n_a135,GFN1 SCF fallback,1.8085155284879877,0.0,-1.5289962614106116,2.377703167047912,5,5,0.7244439484006586,0.046945396363707
2eb65b9e_oxidase,2eb65b9e,x23,23,Glucose Oxidase + Oxidase,Oxidase,Glucose Oxidase,independent separated,11.4,N,135,x23_separated_d11.4_n_a135,First pass,-1.2075493181332604,0.2486413988426647,0.2486413988426647,0.3638237707023108,5,5,0.7244439484006586,0.046945396363707
3c24a739_catalase,3c24a739,x23,23,Catalase + Oxidase,Catalase,Oxidase,independent separated,11.4,N,135,x23_separated_d11.4_n_a135,GFN1 SCF fallback,0.3738316912804293,1.318407891631523,-4.406959353286311,5.725367244917834,5,5,0.7274134908585247,0.0463153847320424
3c24a739_oxidase,3c24a739,x23,23,Catalase + Oxidase,Oxidase,Catalase,independent separated,11.4,N,135,x23_separated_d11.4_n_a135,First pass,-1.2076458876008471,0.2615335414429864,0.2615335414429864,0.3745871423352582,5,5,0.7274134908585247,0.0463153847320424
77b47a61_oxidase,77b47a61,x23,23,Glutathione Peroxidase + Oxidase,Oxidase,Glutathione Peroxidase,independent separated,11.4,N,135,x23_separated_d11.4_n_a135,First pass,-1.207523722011956,0.0,-0.304909217813929,0.3132714466146353,5,5,0.6978692634012092,0.0457559273028352
9b19eaa6_peroxidase,9b19eaa6,x23,23,Glutathione Peroxidase + Peroxidase,Peroxidase,Glutathione Peroxidase,independent separated,11.4,N,135,x23_separated_d11.4_n_a135,GFN1 SCF fallback,-0.0088606526460353,2.187269531106722,-2.1398265337065823,4.327096064813304,5,5,0.6929325984771351,0.0403223690585662
c3d7b2be_catalase,c3d7b2be,x23,23,Catalase + Glutathione Peroxidase,Catalase,Glutathione Peroxidase,independent separated,11.4,N,135,x23_separated_d11.4_n_a135,GFN1 SCF fallback,0.3738316912813388,1.2707237191925742,-4.45519971178237,5.7259234309749445,5,5,0.7274134908585247,0.0463153847320424
c3d7b2be_glutathione_peroxidase,c3d7b2be,x23,23,Catalase + Glutathione Peroxidase,Glutathione Peroxidase,Catalase,independent separated,11.4,N,135,x23_separated_d11.4_n_a135,GFN2 deep,2.333967202489021,3.0086854556811886,0.5959767587919487,3.0086854556811886,5,5,0.7274134908585247,0.0463153847320424
e05e0274_glucose_oxidase,e05e0274,x23,23,Glucose Oxidase + Glutathione Peroxidase,Glucose Oxidase,Glutathione Peroxidase,independent separated,11.4,N,135,x23_separated_d11.4_n_a135,GFN1 SCF fallback,1.808515528490716,0.0,-1.5237355569115607,2.392408886530575,5,5,0.7244439484006586,0.046945396363707
e05e0274_glutathione_peroxidase,e05e0274,x23,23,Glucose Oxidase + Glutathione Peroxidase,Glutathione Peroxidase,Glucose Oxidase,independent separated,11.4,N,135,x23_separated_d11.4_n_a135,GFN2 deep,2.334450595290946,2.994822626417772,-0.6197330990489718,3.614555725466744,5,5,0.7244439484006586,0.046945396363707
f35b0148_oxidase,f35b0148,x23,23,Oxidase + Peroxidase,Oxidase,Peroxidase,independent separated,11.4,N,135,x23_separated_d11.4_n_a135,First pass,-0.8853108129242173,0.7977705107714428,0.7977705107714428,0.8596522502111839,5,5,0.6929325984771351,0.0403223690585662
f35b0148_peroxidase,f35b0148,x23,23,Oxidase + Peroxidase,Peroxidase,Oxidase,independent separated,11.4,N,135,x23_separated_d11.4_n_a135,GFN1 extended,-0.0088606526473995,1.3673485210920262,-2.2679591965111285,3.6353077176031543,5,5,0.6929325984771351,0.0403223690585662
1254576c_glutathione_peroxidase,1254576c,x24,24,Glutathione Peroxidase + Oxidase,Glutathione Peroxidase,Oxidase,independent adjacent,8.8,N,15,x24_adjacent_d8.8_n_a15,GFN1 SCF fallback,1.9429071199901955,3.843532058005621,3.843532058005621,6.556648957542166,5,5,0.7410842145218415,0.0413801782365245
1254576c_oxidase,1254576c,x24,24,Glutathione Peroxidase + Oxidase,Oxidase,Glutathione Peroxidase,independent adjacent,8.8,N,15,x24_adjacent_d8.8_n_a15,GFN2 deep,-0.9025703450397486,0.0,-0.2204446229002314,0.5726246176031964,5,5,0.7410842145218415,0.0413801782365245
2683d752_oxidase,2683d752,x24,24,Oxidase + Peroxidase,Oxidase,Peroxidase,independent adjacent,8.8,N,15,x24_adjacent_d8.8_n_a15,GFN2 deep,-0.7046531784476429,0.4180951409716726,-0.9101662361745184,1.328261377146191,5,5,0.7812096909741286,0.0473086989042248
2683d752_peroxidase,2683d752,x24,24,Oxidase + Peroxidase,Peroxidase,Oxidase,independent adjacent,8.8,N,15,x24_adjacent_d8.8_n_a15,GFN1 extended,0.4035071331563813,1.257391535912575,-4.089655826789567,5.347047362702142,5,5,0.7812096909741286,0.0473086989042248
3e66ea84_oxidase,3e66ea84,x24,24,Oxidase + Peroxidase,Oxidase,Peroxidase,independent separated,12.0,N,15,x24_separated_d12.0_n_a15,First pass,-0.5206742179520916,0.6199008970042996,0.6199008970042996,0.7616473796751961,5,5,0.6724725945384546,0.0475514610694481
3e66ea84_peroxidase,3e66ea84,x24,24,Oxidase + Peroxidase,Peroxidase,Oxidase,independent separated,12.0,N,15,x24_separated_d12.0_n_a15,GFN1 extended,0.5070403089562205,1.269129134090235,-2.6579904707427886,3.927119604833024,5,5,0.6724725945384546,0.0475514610694481
7092a769_glutathione_peroxidase,7092a769,x24,24,Glutathione Peroxidase + Peroxidase,Glutathione Peroxidase,Peroxidase,independent separated,12.0,N,15,x24_separated_d12.0_n_a15,GFN2 deep,0.506559405662756,0.0,-0.7521635467428496,3.238654422410036,5,5,0.6724725945384546,0.0475514610694481
7092a769_peroxidase,7092a769,x24,24,Glutathione Peroxidase + Peroxidase,Peroxidase,Glutathione Peroxidase,independent separated,12.0,N,15,x24_separated_d12.0_n_a15,GFN1 SCF fallback,0.5070403089548563,1.2691279016594308,-3.495937149481506,4.765065051140937,5,5,0.6724725945384546,0.0475514610694481
a85ddc11_catalase,a85ddc11,x24,24,Catalase + Glutathione Peroxidase,Catalase,Glutathione Peroxidase,independent adjacent,8.8,N,15,x24_adjacent_d8.8_n_a15,GFN1 SCF fallback,0.1259523829207864,4.089769661487935,4.089769661487935,4.089769661487935,5,5,0.7511612657312534,0.0457318593784649
a85ddc11_glutathione_peroxidase,a85ddc11,x24,24,Catalase + Glutathione Peroxidase,Glutathione Peroxidase,Catalase,independent adjacent,8.8,N,15,x24_adjacent_d8.8_n_a15,GFN2 deep,1.6713741524413308,1.7212760941465604,0.2341882539785729,1.7212760941465604,5,5,0.7511612657312534,0.0457318593784649
d5e32805_glutathione_peroxidase,d5e32805,x24,24,Glutathione Peroxidase + Peroxidase,Glutathione Peroxidase,Peroxidase,independent adjacent,8.8,N,15,x24_adjacent_d8.8_n_a15,GFN2 deep,2.0789377851651807,3.777411894456236,1.990505116013992,3.777411894456236,5,5,0.7812096909741286,0.0473086989042248
d5e32805_peroxidase,d5e32805,x24,24,Glutathione Peroxidase + Peroxidase,Peroxidase,Glutathione Peroxidase,independent adjacent,8.8,N,15,x24_adjacent_d8.8_n_a15,GFN1 extended,0.4035071331554718,1.257372206369837,-4.076816333134048,5.334188539503884,5,5,0.7812096909741286,0.0473086989042248
d90a3cfc_catalase,d90a3cfc,x24,24,Catalase + Peroxidase,Catalase,Peroxidase,independent adjacent,8.8,N,15,x24_adjacent_d8.8_n_a15,GFN1 SCF fallback,0.1171889327247299,3.966899848522189,3.966899848522189,3.966899848522189,5,5,0.791822499500259,0.0434643230900344
d90a3cfc_peroxidase,d90a3cfc,x24,24,Catalase + Peroxidase,Peroxidase,Catalase,independent adjacent,8.8,N,15,x24_adjacent_d8.8_n_a15,GFN1 extended,0.4044202327440871,1.28163479551813,-4.077281555531044,5.358916351049174,5,5,0.791822499500259,0.0434643230900344
df57707f_catalase,df57707f,x24,24,Catalase + Oxidase,Catalase,Oxidase,independent adjacent,8.8,N,15,x24_adjacent_d8.8_n_a15,GFN1 SCF fallback,0.1259523829207864,4.077093039633382,4.077093039633382,4.077093039633382,5,5,0.7511612657312534,0.0457318593784649
df57707f_oxidase,df57707f,x24,24,Catalase + Oxidase,Oxidase,Catalase,independent adjacent,8.8,N,15,x24_adjacent_d8.8_n_a15,GFN2 deep,-0.903338130877728,0.0,-0.2235636769360098,0.5759413606433554,5,5,0.7511612657312534,0.0457318593784649
71c3c53b_glutathione_peroxidase,71c3c53b,x25,25,Glutathione Peroxidase + Peroxidase,Glutathione Peroxidase,Peroxidase,independent separated,13.0,NS,45,x25_separated_d13.0_ns_a45,GFN2 deep,2.1498278598241995,3.160491544486831,0.7499220028785203,3.3666859068844133,5,5,0.7435641033269726,0.0497534533709731
71c3c53b_peroxidase,71c3c53b,x25,25,Glutathione Peroxidase + Peroxidase,Peroxidase,Glutathione Peroxidase,independent separated,13.0,NS,45,x25_separated_d13.0_ns_a45,First pass,0.20837752190846,0.6555998396684117,0.6555998396684117,0.682806990467725,5,5,0.7435641033269726,0.0497534533709731
a74f064d_oxidase,a74f064d,x25,25,Oxidase + Peroxidase,Oxidase,Peroxidase,independent separated,13.0,NS,45,x25_separated_d13.0_ns_a45,First pass,-1.0794497881129246,0.0,-0.3588833967219216,0.4655163365673616,5,5,0.7435641033269726,0.0497534533709731
a74f064d_peroxidase,a74f064d,x25,25,Oxidase + Peroxidase,Peroxidase,Oxidase,independent separated,13.0,NS,45,x25_separated_d13.0_ns_a45,First pass,0.2083775219093695,0.6578266522906233,0.6578266522906233,0.6850494491800418,5,5,0.7435641033269726,0.0497534533709731
ee0eb0b5_glutathione_peroxidase,ee0eb0b5,x25,25,Glutathione Peroxidase + Oxidase,Glutathione Peroxidase,Oxidase,independent separated,13.0,NS,45,x25_separated_d13.0_ns_a45,GFN1 extended,1.7446858026232803,3.32078282524526,-0.1837178330097231,4.990942780807018,5,5,0.7570233351841287,0.037652443875212
ee0eb0b5_oxidase,ee0eb0b5,x25,25,Glutathione Peroxidase + Oxidase,Oxidase,Glutathione Peroxidase,independent separated,13.0,NS,45,x25_separated_d13.0_ns_a45,First pass,-0.6780021616832528,0.0,-0.1163565158808523,0.3469573739771476,5,5,0.7570233351841287,0.037652443875212
59aeabf7_catalase,59aeabf7,x26,26,Catalase + Glutathione Peroxidase,Catalase,Glutathione Peroxidase,independent adjacent,9.8,NS,75,x26_adjacent_d9.8_ns_a75,GFN1 SCF fallback,0.3009452717101339,3.3453135480549463,3.3453135480549463,3.3453135480549463,5,5,0.7412085278110538,0.0487899422916002
59aeabf7_glutathione_peroxidase,59aeabf7,x26,26,Catalase + Glutathione Peroxidase,Glutathione Peroxidase,Catalase,independent adjacent,9.8,NS,75,x26_adjacent_d9.8_ns_a75,GFN2 deep,2.3776189586128567,4.246403432975967,-2.9463822251564125,7.19278565813238,5,5,0.7412085278110538,0.0487899422916002
61225ae4_catalase,61225ae4,x26,26,Catalase + Peroxidase,Catalase,Peroxidase,independent adjacent,9.8,NS,75,x26_adjacent_d9.8_ns_a75,GFN1 SCF fallback,0.3014792834301261,3.351685750712022,3.351685750712022,3.351685750712022,5,5,0.7833346161882045,0.0397976538119046
61225ae4_peroxidase,61225ae4,x26,26,Catalase + Peroxidase,Peroxidase,Catalase,independent adjacent,9.8,NS,75,x26_adjacent_d9.8_ns_a75,GFN1 extended,1.9026065555904097,0.4728074305203336,-4.6161811085439695,5.088988539064303,5,5,0.7833346161882045,0.0397976538119046
9fb993e8_glutathione_peroxidase,9fb993e8,x26,26,Glutathione Peroxidase + Oxidase,Glutathione Peroxidase,Oxidase,independent adjacent,9.8,NS,75,x26_adjacent_d9.8_ns_a75,GFN2 deep,2.5664625981708014,0.8923839405642866,0.8097959437573081,0.8923839405642866,5,5,0.6656792780000343,0.0440248346278759
9fb993e8_oxidase,9fb993e8,x26,26,Glutathione Peroxidase + Oxidase,Oxidase,Glutathione Peroxidase,independent adjacent,9.8,NS,75,x26_adjacent_d9.8_ns_a75,GFN2 deep,0.6029597622587062,0.0,-3.90913004915501,4.111143980101588,5,5,0.6656792780000343,0.0440248346278759
c6ac076d_oxidase,c6ac076d,x26,26,Oxidase + Peroxidase,Oxidase,Peroxidase,independent adjacent,9.8,NS,75,x26_adjacent_d9.8_ns_a75,First pass,0.2573494840294188,0.0,-0.7449612679956772,0.7680635981764681,5,5,0.6941405313674515,0.0440221198446846
c6ac076d_peroxidase,c6ac076d,x26,26,Oxidase + Peroxidase,Peroxidase,Oxidase,independent adjacent,9.8,NS,75,x26_adjacent_d9.8_ns_a75,GFN1 extended,1.866591638558475,0.0,-5.308919333922859,5.308919333922859,5,5,0.6941405313674515,0.0440221198446846
d2bbcd7f_catalase,d2bbcd7f,x26,26,Catalase + Peroxidase,Catalase,Peroxidase,bridged,8.0,S,75,x26_bridged_d8.0_s_a75,GFN1 SCF fallback,0.3446266416431172,2.4756865710305647,-1.8203455622979163,4.296032133328481,5,5,0.7753719626912299,0.0484055634069378
d2bbcd7f_peroxidase,d2bbcd7f,x26,26,Catalase + Peroxidase,Peroxidase,Catalase,bridged,8.0,S,75,x26_bridged_d8.0_s_a75,GFN1 SCF fallback,-0.715566629760815,0.8811594172184414,-0.8073231649441368,1.6884825821625782,5,5,0.7753719626912299,0.0484055634069378
e5e8e310_catalase,e5e8e310,x26,26,Catalase + Oxidase,Catalase,Oxidase,independent adjacent,9.8,NS,75,x26_adjacent_d9.8_ns_a75,GFN1 SCF fallback,0.3009452717096792,3.3453135052709517,3.3453135052709517,3.3453135052709517,5,5,0.7412085278110538,0.0487899422916002
e5e8e310_oxidase,e5e8e310,x26,26,Catalase + Oxidase,Oxidase,Catalase,independent adjacent,9.8,NS,75,x26_adjacent_d9.8_ns_a75,First pass,-1.0368087965666746,0.0,-3.8336653170363206,4.053983738474017,5,5,0.7412085278110538,0.0487899422916002
ee1f8cc5_glutathione_peroxidase,ee1f8cc5,x26,26,Glutathione Peroxidase + Peroxidase,Glutathione Peroxidase,Peroxidase,independent adjacent,9.8,NS,75,x26_adjacent_d9.8_ns_a75,GFN1 extended,2.131605725769532,5.22528575719025,2.446274655063462,5.22528575719025,5,5,0.6941405313674515,0.0440221198446846
ee1f8cc5_peroxidase,ee1f8cc5,x26,26,Glutathione Peroxidase + Peroxidase,Peroxidase,Glutathione Peroxidase,independent adjacent,9.8,NS,75,x26_adjacent_d9.8_ns_a75,GFN1 extended,1.8665916385607488,0.0,-5.31444240822475,5.31444240822475,5,5,0.6941405313674515,0.0440221198446846
fa9ef7ad_catalase,fa9ef7ad,x26,26,Catalase + Oxidase,Catalase,Oxidase,bridged,8.0,S,75,x26_bridged_d8.0_s_a75,GFN1 SCF fallback,0.3499286963433405,2.367725184257324,-1.6904460644609571,4.058171248718281,5,5,0.7524928501066004,0.0477210657274509
fa9ef7ad_oxidase,fa9ef7ad,x26,26,Catalase + Oxidase,Oxidase,Catalase,bridged,8.0,S,75,x26_bridged_d8.0_s_a75,GFN1 SCF fallback,-1.1782716332593282,0.0,-0.46870266804126,0.5987174937772579,5,5,0.7524928501066004,0.0477210657274509
c7f76d94_oxidase,c7f76d94,x27,27,Oxidase + Peroxidase,Oxidase,Peroxidase,bridged,8.4,N,105,x27_bridged_d8.4_n_a105,GFN1 SCF fallback,-0.9900069105453896,0.0,-0.412141388253076,0.4957460376563176,5,5,0.6811256034097285,0.0489506323398454
c7f76d94_peroxidase,c7f76d94,x27,27,Oxidase + Peroxidase,Peroxidase,Oxidase,bridged,8.4,N,105,x27_bridged_d8.4_n_a105,GFN1 SCF fallback,1.7097819257865012,1.9066156734006652,1.9066156734006652,1.9291467651701169,5,5,0.6811256034097285,0.0489506323398454
132e39e4_glucose_oxidase,132e39e4,x28,28,Glucose Oxidase + Glutathione Peroxidase,Glucose Oxidase,Glutathione Peroxidase,independent separated,8.8,N,135,x28_separated_d8.8_n_a135,GFN1 SCF fallback,0.0913114857257824,1.939697899029852,-1.6403981574603677,3.58009605649022,5,5,0.7649933010407961,0.0456651017354856
132e39e4_glutathione_peroxidase,132e39e4,x28,28,Glucose Oxidase + Glutathione Peroxidase,Glutathione Peroxidase,Glucose Oxidase,independent separated,8.8,N,135,x28_separated_d8.8_n_a135,GFN1 extended,0.6928743561111332,1.2722507935004614,0.9180815127338064,1.4150696843498736,5,5,0.7649933010407961,0.0456651017354856
18ccc8e9_catalase,18ccc8e9,x28,28,Catalase + Oxidase,Catalase,Oxidase,independent adjacent,6.2,N,135,x28_adjacent_d6.2_n_a135,First pass,0.2361250457231563,2.829591932614221,2.829591932614221,2.829591932614221,5,5,0.7385765081047128,0.0332909161674527
18ccc8e9_oxidase,18ccc8e9,x28,28,Catalase + Oxidase,Oxidase,Catalase,independent adjacent,6.2,N,135,x28_adjacent_d6.2_n_a135,First pass,1.3601496948888323,0.2089004620693231,0.2089004620693231,0.3735964561146829,5,5,0.7385765081047128,0.0332909161674527
4748ee82_glucose_oxidase,4748ee82,x28,28,Glucose Oxidase + Oxidase,Glucose Oxidase,Oxidase,independent separated,8.8,N,135,x28_separated_d8.8_n_a135,GFN1 SCF fallback,0.0913114857225991,1.9330591293091857,-1.6382380735622064,3.571297202871392,5,5,0.7649933010407961,0.0456651017354856
4748ee82_oxidase,4748ee82,x28,28,Glucose Oxidase + Oxidase,Oxidase,Glucose Oxidase,independent separated,8.8,N,135,x28_separated_d8.8_n_a135,First pass,-0.9419710230399688,0.1532668714889951,0.1532668714889951,0.1866237958756755,5,5,0.7649933010407961,0.0456651017354856
532e640a_glutathione_peroxidase,532e640a,x28,28,Glutathione Peroxidase + Peroxidase,Glutathione Peroxidase,Peroxidase,independent separated,8.8,N,135,x28_separated_d8.8_n_a135,GFN1 SCF fallback,1.6215631453774222,1.43492573896674,-0.6753808387293248,2.110306577696065,5,5,0.7435252140757866,0.0439318728532364
532e640a_peroxidase,532e640a,x28,28,Glutathione Peroxidase + Peroxidase,Peroxidase,Glutathione Peroxidase,independent separated,8.8,N,135,x28_separated_d8.8_n_a135,GFN1 extended,0.0975097160367113,1.3942588469726616,1.0244934619436208,1.3942588469726616,5,5,0.7435252140757866,0.0439318728532364
7a476de9_glucose_oxidase,7a476de9,x28,28,Glucose Oxidase + Oxidase,Glucose Oxidase,Oxidase,independent adjacent,6.2,N,135,x28_adjacent_d6.2_n_a135,GFN1 extended,1.6859038621037143,0.0,-2.046432027105766,3.414314753826602,5,5,0.7405103242104998,0.0452724004139536
7a476de9_oxidase,7a476de9,x28,28,Glucose Oxidase + Oxidase,Oxidase,Glucose Oxidase,independent adjacent,6.2,N,135,x28_adjacent_d6.2_n_a135,First pass,-0.726894030241283,0.0,-0.2577157905143394,0.6149682686627784,5,5,0.7405103242104998,0.0452724004139536
8ae50da4_catalase,8ae50da4,x28,28,Catalase + Peroxidase,Catalase,Peroxidase,independent separated,8.8,N,135,x28_separated_d8.8_n_a135,GFN1 SCF fallback,0.2074747693359313,3.75600123470349,3.75600123470349,3.75600123470349,5,5,0.7689043755337874,0.0401015337188674
8ae50da4_peroxidase,8ae50da4,x28,28,Catalase + Peroxidase,Peroxidase,Catalase,independent separated,8.8,N,135,x28_separated_d8.8_n_a135,GFN1 extended,0.0966924826320791,1.4435209960038264,1.0404022018933574,1.4435209960038264,5,5,0.7689043755337874,0.0401015337188674
988b93aa_glucose_oxidase,988b93aa,x28,28,Glucose Oxidase + Glutathione Peroxidase,Glucose Oxidase,Glutathione Peroxidase,independent adjacent,6.2,N,135,x28_adjacent_d6.2_n_a135,GFN1 SCF fallback,1.68590386210235,0.0,-2.7399538640911487,4.217596187793788,5,5,0.7405103242104998,0.0452724004139536
988b93aa_glutathione_peroxidase,988b93aa,x28,28,Glucose Oxidase + Glutathione Peroxidase,Glutathione Peroxidase,Glucose Oxidase,independent adjacent,6.2,N,135,x28_adjacent_d6.2_n_a135,First pass,0.9392211333743036,1.660292735544317,-0.8649106595976264,2.5252033951419435,5,5,0.7405103242104998,0.0452724004139536
b5550f00_catalase,b5550f00,x28,28,Catalase + Oxidase,Catalase,Oxidase,independent separated,8.8,N,135,x28_separated_d8.8_n_a135,GFN1 SCF fallback,0.2053890445909019,3.756204510857515,3.756204510857515,3.756204510857515,5,5,0.7706272256571214,0.0452776861062371
b5550f00_oxidase,b5550f00,x28,28,Catalase + Oxidase,Oxidase,Catalase,independent separated,8.8,N,135,x28_separated_d8.8_n_a135,First pass,-0.9422271234939216,0.3852190471930043,0.3852190471930043,0.419577602568097,5,5,0.7706272256571214,0.0452776861062371
b677be09_catalase,b677be09,x28,28,Catalase + Glutathione Peroxidase,Catalase,Glutathione Peroxidase,independent separated,8.8,N,135,x28_separated_d8.8_n_a135,GFN1 SCF fallback,0.2053890445913566,3.756840548426681,3.756840548426681,3.756840548426681,5,5,0.7706272256571214,0.0452776861062371
b677be09_glutathione_peroxidase,b677be09,x28,28,Catalase + Glutathione Peroxidase,Glutathione Peroxidase,Catalase,independent separated,8.8,N,135,x28_separated_d8.8_n_a135,GFN1 extended,0.6927616264579228,5.612077982653318,5.612077982653318,5.612077982653318,5,5,0.7706272256571214,0.0452776861062371
b8a00c0a_glutathione_peroxidase,b8a00c0a,x28,28,Glutathione Peroxidase + Peroxidase,Glutathione Peroxidase,Peroxidase,independent adjacent,6.2,N,135,x28_adjacent_d6.2_n_a135,GFN2 deep,1.3930208850929375,2.8011473040542114,0.8995181352329382,2.8011473040542114,5,5,0.7125551497921899,0.0483332662305884
b8a00c0a_peroxidase,b8a00c0a,x28,28,Glutathione Peroxidase + Peroxidase,Peroxidase,Glutathione Peroxidase,independent adjacent,6.2,N,135,x28_adjacent_d6.2_n_a135,GFN1 SCF fallback,1.215788109046798,1.446920931146451,0.6670105672669706,1.446920931146451,5,5,0.7125551497921899,0.0483332662305884
bdb12ce6_catalase,bdb12ce6,x28,28,Catalase + Peroxidase,Catalase,Peroxidase,independent adjacent,6.2,N,135,x28_adjacent_d6.2_n_a135,First pass,0.2309978521450375,2.92990958880182,2.92990958880182,2.92990958880182,5,5,0.7426079971318559,0.0499195968952458
bdb12ce6_peroxidase,bdb12ce6,x28,28,Catalase + Peroxidase,Peroxidase,Catalase,independent adjacent,6.2,N,135,x28_adjacent_d6.2_n_a135,GFN1 SCF fallback,1.181920616106254,1.4800232390025485,0.7952916574199662,1.4800232390025485,5,5,0.7426079971318559,0.0499195968952458
c8fcefa5_oxidase,c8fcefa5,x28,28,Oxidase + Peroxidase,Oxidase,Peroxidase,independent separated,8.8,N,135,x28_separated_d8.8_n_a135,First pass,-0.7533694419412313,0.0,-0.4974405941534314,0.5903206359207616,5,5,0.7435252140757866,0.0439318728532364
c8fcefa5_peroxidase,c8fcefa5,x28,28,Oxidase + Peroxidase,Peroxidase,Oxidase,independent separated,8.8,N,135,x28_separated_d8.8_n_a135,GFN1 extended,0.0975097160339828,1.39071486575358,1.018051040824048,1.39071486575358,5,5,0.7435252140757866,0.0439318728532364
e717fb24_catalase,e717fb24,x28,28,Catalase + Glutathione Peroxidase,Catalase,Glutathione Peroxidase,independent adjacent,6.2,N,135,x28_adjacent_d6.2_n_a135,First pass,0.236125045721792,2.8295920105333607,2.8295920105333607,2.8295920105333607,5,5,0.7385765081047128,0.0332909161674527
e717fb24_glutathione_peroxidase,e717fb24,x28,28,Catalase + Glutathione Peroxidase,Glutathione Peroxidase,Catalase,independent adjacent,6.2,N,135,x28_adjacent_d6.2_n_a135,GFN2 deep,0.9532873859438952,6.497036139145166,6.497036139145166,6.514771323115383,5,5,0.7385765081047128,0.0332909161674527
ebc51ce1_glutathione_peroxidase,ebc51ce1,x28,28,Glutathione Peroxidase + Oxidase,Glutathione Peroxidase,Oxidase,independent separated,8.8,N,135,x28_separated_d8.8_n_a135,GFN2 deep,1.718319505764157,2.4857865723097348,0.0274437626158032,2.4857865723097348,5,5,0.7453663345578551,0.0487866171239061
ebc51ce1_oxidase,ebc51ce1,x28,28,Glutathione Peroxidase + Oxidase,Oxidase,Glutathione Peroxidase,independent separated,8.8,N,135,x28_separated_d8.8_n_a135,First pass,-0.9423244291665468,0.3541490889570013,0.3541490889570013,0.4011540516116838,5,5,0.7453663345578551,0.0487866171239061
f2c6aa9d_glutathione_peroxidase,f2c6aa9d,x28,28,Glutathione Peroxidase + Oxidase,Glutathione Peroxidase,Oxidase,independent adjacent,6.2,N,135,x28_adjacent_d6.2_n_a135,GFN2 deep,1.3995214517540262,2.8012935415144966,0.8930996689714448,2.8012935415144966,5,5,0.7124060545254851,0.0471249270641901
f2c6aa9d_oxidase,f2c6aa9d,x28,28,Glutathione Peroxidase + Oxidase,Oxidase,Glutathione Peroxidase,independent adjacent,6.2,N,135,x28_adjacent_d6.2_n_a135,GFN2 deep,-0.7336419630132696,0.0,-0.4085226123584107,0.7824254517213376,5,5,0.7124060545254851,0.0471249270641901
fae232f3_oxidase,fae232f3,x28,28,Oxidase + Peroxidase,Oxidase,Peroxidase,independent adjacent,6.2,N,135,x28_adjacent_d6.2_n_a135,GFN2 deep,-1.215486281188987,0.0,-0.3104877123769256,0.6255173187391847,5,5,0.7125551497921899,0.0483332662305884
fae232f3_peroxidase,fae232f3,x28,28,Oxidase + Peroxidase,Peroxidase,Oxidase,independent adjacent,6.2,N,135,x28_adjacent_d6.2_n_a135,GFN1 SCF fallback,1.2157881090486171,1.447058861167534,0.6636388198307941,1.447058861167534,5,5,0.7125551497921899,0.0483332662305884
030c3780_oxidase,030c3780,x29,29,Oxidase + Peroxidase,Oxidase,Peroxidase,bridged,5.8,NS,15,x29_bridged_d5.8_ns_a15,GFN2 deep,-0.856242615760948,0.0,-5.942867586777538,6.115477200362875,5,5,0.6669747445875274,0.0472132861697117
030c3780_peroxidase,030c3780,x29,29,Oxidase + Peroxidase,Peroxidase,Oxidase,bridged,5.8,NS,15,x29_bridged_d5.8_ns_a15,GFN2 deep,0.0633222502228818,0.0276755471004435,-1.4248358563754664,1.45251140347591,5,5,0.6669747445875274,0.0472132861697117
408e19b5_catalase,408e19b5,x29,29,Catalase + Oxidase,Catalase,Oxidase,bridged,5.8,NS,15,x29_bridged_d5.8_ns_a15,GFN1 SCF fallback,0.1767111118324464,0.6713015622281091,-0.1169746176055923,1.3334454287087285,5,5,0.6753025469151679,0.0374415220263801
408e19b5_oxidase,408e19b5,x29,29,Catalase + Oxidase,Oxidase,Catalase,bridged,5.8,NS,15,x29_bridged_d5.8_ns_a15,GFN1 SCF fallback,-1.4995385824270215,0.0,-4.019073298856711,4.496393907529637,5,5,0.6753025469151679,0.0374415220263801
92db5883_glutathione_peroxidase,92db5883,x29,29,Glutathione Peroxidase + Oxidase,Glutathione Peroxidase,Oxidase,independent separated,9.8,NS,15,x29_separated_d9.8_ns_a15,GFN2 deep,2.803619107944087,0.0,-5.293943003356617,5.293943003356617,5,5,0.7307835530238193,0.0439724248177501
92db5883_oxidase,92db5883,x29,29,Glutathione Peroxidase + Oxidase,Oxidase,Glutathione Peroxidase,independent separated,9.8,NS,15,x29_separated_d9.8_ns_a15,First pass,-0.7075758027181109,0.3645500116240328,-0.5713498199770584,0.9358998316010912,5,5,0.7307835530238193,0.0439724248177501
bb757de5_catalase,bb757de5,x29,29,Catalase + Peroxidase,Catalase,Peroxidase,bridged,5.8,NS,15,x29_bridged_d5.8_ns_a15,GFN1 SCF fallback,0.1818202877411749,2.407859576029296,2.407859576029296,2.557954516803875,5,5,0.7184831787416256,0.0490371772207585
bb757de5_peroxidase,bb757de5,x29,29,Catalase + Peroxidase,Peroxidase,Catalase,bridged,5.8,NS,15,x29_bridged_d5.8_ns_a15,GFN1 SCF fallback,-0.6262877494468739,0.0,-8.966344536099314,8.966344536099314,5,5,0.7184831787416256,0.0490371772207585
303a8d4e_glutathione_peroxidase,303a8d4e,x30,30,Glutathione Peroxidase + Peroxidase,Glutathione Peroxidase,Peroxidase,independent adjacent,7.4,NS,45,x30_adjacent_d7.4_ns_a45,GFN1 extended,1.3656621227228245,1.123372115013808,1.123372115013808,2.469258023937982,5,5,0.6809653039314163,0.0446211754151681
303a8d4e_peroxidase,303a8d4e,x30,30,Glutathione Peroxidase + Peroxidase,Peroxidase,Glutathione Peroxidase,independent adjacent,7.4,NS,45,x30_adjacent_d7.4_ns_a45,GFN1 SCF fallback,0.3152173232847417,2.24556944397591,2.24556944397591,2.24556944397591,5,5,0.6809653039314163,0.0446211754151681
5685d8a5_catalase,5685d8a5,x30,30,Catalase + Oxidase,Catalase,Oxidase,independent adjacent,7.4,NS,45,x30_adjacent_d7.4_ns_a45,First pass,0.3023823100359095,2.361291207938393,2.361291207938393,2.3733780854231554,5,5,0.7309378693994157,0.0388849189125755
5685d8a5_oxidase,5685d8a5,x30,30,Catalase + Oxidase,Oxidase,Catalase,independent adjacent,7.4,NS,45,x30_adjacent_d7.4_ns_a45,GFN2 deep,-0.9432526999535183,0.0,-0.9701631499683572,1.256725453497438,5,5,0.7309378693994157,0.0388849189125755
6b310cc8_catalase,6b310cc8,x30,30,Catalase + Peroxidase,Catalase,Peroxidase,independent separated,10.4,S,45,x30_separated_d10.4_s_a45,First pass,0.0398285335734271,1.268698234664953,0.9813275372994212,1.268698234664953,5,5,0.7755359127138295,0.0448720241379468
6b310cc8_peroxidase,6b310cc8,x30,30,Catalase + Peroxidase,Peroxidase,Catalase,independent separated,10.4,S,45,x30_separated_d10.4_s_a45,GFN1 extended,0.526965276604642,1.2283962465398872,-0.5373998767145167,1.765796123254404,5,5,0.7755359127138295,0.0448720241379468
6f8d0650_oxidase,6f8d0650,x30,30,Oxidase + Peroxidase,Oxidase,Peroxidase,independent adjacent,7.4,NS,45,x30_adjacent_d7.4_ns_a45,First pass,-0.1947769413445712,0.0,-0.2492829363841338,0.458980743050688,5,5,0.6809653039314163,0.0446211754151681
6f8d0650_peroxidase,6f8d0650,x30,30,Oxidase + Peroxidase,Peroxidase,Oxidase,independent adjacent,7.4,NS,45,x30_adjacent_d7.4_ns_a45,GFN1 SCF fallback,0.3152173232870154,2.253627248196608,2.253627248196608,2.253627248196608,5,5,0.6809653039314163,0.0446211754151681
9896e450_glutathione_peroxidase,9896e450,x30,30,Glutathione Peroxidase + Oxidase,Glutathione Peroxidase,Oxidase,independent adjacent,7.4,NS,45,x30_adjacent_d7.4_ns_a45,GFN1 extended,1.37466812570392,3.3791426922689425,2.2619407667880296,3.627576075982688,5,5,0.657685462878245,0.0398201484965231
9896e450_oxidase,9896e450,x30,30,Glutathione Peroxidase + Oxidase,Oxidase,Glutathione Peroxidase,independent adjacent,7.4,NS,45,x30_adjacent_d7.4_ns_a45,First pass,-0.8985277374226825,0.0860827502310712,0.0860827502310712,0.3376254078634702,5,5,0.657685462878245,0.0398201484965231
b210dff4_oxidase,b210dff4,x30,30,Oxidase + Peroxidase,Oxidase,Peroxidase,independent separated,10.4,S,45,x30_separated_d10.4_s_a45,GFN2 deep,0.9740614364723116,0.0,-7.231605879318522,7.537273307390933,5,5,0.7564669687445065,0.0397442283608387
b210dff4_peroxidase,b210dff4,x30,30,Oxidase + Peroxidase,Peroxidase,Oxidase,independent separated,10.4,S,45,x30_separated_d10.4_s_a45,GFN1 extended,0.5262631611090001,1.2302048351803023,-0.5342108659096994,1.7644157010900017,5,5,0.7564669687445065,0.0397442283608387
b876b6fa_oxidase,b876b6fa,x30,30,Glutathione Peroxidase + Oxidase,Oxidase,Glutathione Peroxidase,independent separated,10.4,S,45,x30_separated_d10.4_s_a45,First pass,-0.9946319076716464,0.7555568992643202,0.7555568992643202,0.8529234864004138,5,5,0.7583719685189557,0.039843506385257
ba68d7b7_catalase,ba68d7b7,x30,30,Catalase + Glutathione Peroxidase,Catalase,Glutathione Peroxidase,independent adjacent,7.4,NS,45,x30_adjacent_d7.4_ns_a45,First pass,0.302382310035,2.36129121201202,2.36129121201202,2.373378086975208,5,5,0.7309378693994157,0.0388849189125755
ba68d7b7_glutathione_peroxidase,ba68d7b7,x30,30,Catalase + Glutathione Peroxidase,Glutathione Peroxidase,Catalase,independent adjacent,7.4,NS,45,x30_adjacent_d7.4_ns_a45,GFN1 extended,1.5674825729279291,1.2112451889288425,0.3378264237662733,5.730555298658146,5,5,0.7309378693994157,0.0388849189125755
e0e929e4_glutathione_peroxidase,e0e929e4,x30,30,Glutathione Peroxidase + Peroxidase,Glutathione Peroxidase,Peroxidase,independent separated,10.4,S,45,x30_separated_d10.4_s_a45,GFN2 extended,2.1576601761080383,0.0,-6.076407823853515,6.076407823853515,5,5,0.7564669687445065,0.0397442283608387
e0e929e4_peroxidase,e0e929e4,x30,30,Glutathione Peroxidase + Peroxidase,Peroxidase,Glutathione Peroxidase,independent separated,10.4,S,45,x30_separated_d10.4_s_a45,GFN1 extended,0.5262631611067263,1.2302189629399436,-0.534061243258293,1.7642802061982366,5,5,0.7564669687445065,0.0397442283608387
1598f4df_catalase,1598f4df,x33,33,Catalase + Glutathione Peroxidase,Catalase,Glutathione Peroxidase,independent separated,13.0,NS,135,x33_separated_d13.0_ns_a135,First pass,0.4758850669747971,1.168776473889011,1.168776473889011,1.168776473889011,5,5,0.7892656161072762,0.0435283120729684
1598f4df_glutathione_peroxidase,1598f4df,x33,33,Catalase + Glutathione Peroxidase,Glutathione Peroxidase,Catalase,independent separated,13.0,NS,135,x33_separated_d13.0_ns_a135,GFN2 deep,1.8737494870929368,6.344852714446461,0.8763591280849141,6.344852714446461,5,5,0.7892656161072762,0.0435283120729684
234243b6_catalase,234243b6,x33,33,Catalase + Glucose Oxidase,Catalase,Glucose Oxidase,independent separated,13.0,NS,135,x33_separated_d13.0_ns_a135,First pass,0.4761698119675657,1.172015227110478,1.172015227110478,1.172015227110478,5,5,0.7934769385133338,0.0470376131005629
234243b6_glucose_oxidase,234243b6,x33,33,Catalase + Glucose Oxidase,Glucose Oxidase,Catalase,independent separated,13.0,NS,135,x33_separated_d13.0_ns_a135,First pass,0.6427837277922208,1.195325201443211,-1.5393238972606014,2.7346490987038123,5,5,0.7934769385133338,0.0470376131005629
2df232c8_glutathione_peroxidase,2df232c8,x33,33,Glutathione Peroxidase + Peroxidase,Glutathione Peroxidase,Peroxidase,independent separated,13.0,NS,135,x33_separated_d13.0_ns_a135,GFN1 extended,1.56285845525872,2.121687067118728,-1.1166515882705426,3.2383386553892706,5,5,0.7325694922599312,0.0341464692057766
2df232c8_peroxidase,2df232c8,x33,33,Glutathione Peroxidase + Peroxidase,Peroxidase,Glutathione Peroxidase,independent separated,13.0,NS,135,x33_separated_d13.0_ns_a135,GFN2 deep,0.6351418367480619,0.0,-2.67401600709718,2.67401600709718,5,5,0.7325694922599312,0.0341464692057766
54778a08_glutathione_peroxidase,54778a08,x33,33,Glutathione Peroxidase + Oxidase,Glutathione Peroxidase,Oxidase,independent separated,13.0,NS,135,x33_separated_d13.0_ns_a135,GFN1 extended,1.5628584552578104,2.142142503757896,1.2335304628395534,2.142142503757896,5,5,0.7325694922599312,0.0341464692057766
54778a08_oxidase,54778a08,x33,33,Glutathione Peroxidase + Oxidase,Oxidase,Glutathione Peroxidase,independent separated,13.0,NS,135,x33_separated_d13.0_ns_a135,GFN2 deep,-0.6800426848953975,0.0,-3.640772943351294,3.905404905490741,5,5,0.7325694922599312,0.0341464692057766
58cd208d_catalase,58cd208d,x33,33,Catalase + Peroxidase,Catalase,Peroxidase,independent separated,13.0,NS,135,x33_separated_d13.0_ns_a135,First pass,0.4758850669761614,1.1715705891856487,1.1715705891856487,1.1715705891856487,5,5,0.7892656161072762,0.0435283120729684
58cd208d_peroxidase,58cd208d,x33,33,Catalase + Peroxidase,Peroxidase,Catalase,independent separated,13.0,NS,135,x33_separated_d13.0_ns_a135,First pass,0.6351201728298292,0.0,-2.3631862955644465,2.3631862955644465,5,5,0.7892656161072762,0.0435283120729684
655701ab_catalase,655701ab,x33,33,Catalase + Oxidase,Catalase,Oxidase,independent separated,13.0,NS,135,x33_separated_d13.0_ns_a135,First pass,0.4758850669779804,1.1717552776035518,1.1717552776035518,1.1717552776035518,5,5,0.7892656161072762,0.0435283120729684
655701ab_oxidase,655701ab,x33,33,Catalase + Oxidase,Oxidase,Catalase,independent separated,13.0,NS,135,x33_separated_d13.0_ns_a135,GFN2 deep,-0.6800715941658382,0.0,-3.605561523502274,3.864175233191872,5,5,0.7892656161072762,0.0435283120729684
f29e0fdd_catalase,f29e0fdd,x33,33,Catalase + Glutathione Peroxidase,Catalase,Glutathione Peroxidase,independent separated,13.0,NS,135,x33_separated_d13.0_ns_a135,First pass,0.4763387289510774,1.163343434795479,1.163343434795479,1.163343434795479,5,5,0.7895708925663723,0.0462163296219865
f29e0fdd_glutathione_peroxidase,f29e0fdd,x33,33,Catalase + Glutathione Peroxidase,Glutathione Peroxidase,Catalase,independent separated,13.0,NS,135,x33_separated_d13.0_ns_a135,GFN1 extended,1.9906042153520505,6.385169913145546,0.5574820650153924,6.385169913145546,5,5,0.7895708925663723,0.0462163296219865
21438f1d_catalase,21438f1d,x37,37,Catalase + Oxidase,Catalase,Oxidase,independent separated,9.8,NS,105,x37_separated_d9.8_ns_a105,GFN2 deep,0.4081156865202047,2.7172579511598087,2.7172579511598087,2.7172579511598087,5,5,0.7818906909588861,0.0470047496629781
21438f1d_oxidase,21438f1d,x37,37,Catalase + Oxidase,Oxidase,Catalase,independent separated,9.8,NS,105,x37_separated_d9.8_ns_a105,First pass,-0.3976328278208711,0.0,-0.5725953168148408,0.7168062522368928,5,5,0.7818906909588861,0.0470047496629781
76727a58_catalase,76727a58,x37,37,Catalase + Glutathione Peroxidase,Catalase,Glutathione Peroxidase,independent separated,9.8,NS,105,x37_separated_d9.8_ns_a105,GFN2 deep,0.4081156865202047,2.717257926729417,2.717257926729417,2.717257926729417,5,5,0.7818906909588861,0.0470047496629781
76727a58_glutathione_peroxidase,76727a58,x37,37,Catalase + Glutathione Peroxidase,Glutathione Peroxidase,Catalase,independent separated,9.8,NS,105,x37_separated_d9.8_ns_a105,GFN2 deep,2.2763779433580567,6.4040124168077455,0.1778975619099583,8.072032608906738,5,5,0.7818906909588861,0.0470047496629781
9502397a_catalase,9502397a,x37,37,Catalase + Peroxidase,Catalase,Peroxidase,independent separated,9.8,NS,105,x37_separated_d9.8_ns_a105,GFN2 deep,0.4081156865215689,2.717257921455257,2.717257921455257,2.717257921455257,5,5,0.7818906909588861,0.0470047496629781
9502397a_peroxidase,9502397a,x37,37,Catalase + Peroxidase,Peroxidase,Catalase,independent separated,9.8,NS,105,x37_separated_d9.8_ns_a105,GFN2 deep,0.9437311232336468,0.3642356107529849,-3.00146865683746,3.365704267590445,5,5,0.7818906909588861,0.0470047496629781
d8167640_catalase,d8167640,x37,37,Catalase + Glutathione Peroxidase,Catalase,Glutathione Peroxidase,independent separated,9.8,NS,105,x37_separated_d9.8_ns_a105,First pass,0.4086313981113108,1.0594042606185212,0.6955998998555515,1.0594042606185212,5,5,0.7838231983044139,0.0445318983202203
d8167640_glutathione_peroxidase,d8167640,x37,37,Catalase + Glutathione Peroxidase,Glutathione Peroxidase,Catalase,independent separated,9.8,NS,105,x37_separated_d9.8_ns_a105,GFN2 extended,2.3849198092570987,3.68144887476592,1.6824521252929117,4.914435240249077,5,5,0.7838231983044139,0.0445318983202203
66a9e1fa_catalase,66a9e1fa,x39,39,Catalase + Glutathione Peroxidase,Catalase,Glutathione Peroxidase,independent separated,11.4,N,15,x39_separated_d11.4_n_a15,GFN2 deep,0.3309939567927813,0.6102786935698532,-4.848925853452329,5.459204547022182,5,5,0.7727197492034573,0.043256235698905
66a9e1fa_glutathione_peroxidase,66a9e1fa,x39,39,Catalase + Glutathione Peroxidase,Glutathione Peroxidase,Catalase,independent separated,11.4,N,15,x39_separated_d11.4_n_a15,GFN2 extended,1.208612301551966,2.063572721210221,2.063572721210221,4.116696540355406,5,5,0.7727197492034573,0.043256235698905
04e048d9_glucose_oxidase,04e048d9,x41,41,Glucose Oxidase + Glutathione Peroxidase,Glucose Oxidase,Glutathione Peroxidase,independent separated,13.0,NS,75,x41_separated_d13.0_ns_a75,First pass,-0.0759343134056962,0.3947741481151752,0.3947741481151752,2.5959196094709114,5,5,0.769251122091527,0.0496986009767073
04e048d9_glutathione_peroxidase,04e048d9,x41,41,Glucose Oxidase + Glutathione Peroxidase,Glutathione Peroxidase,Glucose Oxidase,independent separated,13.0,NS,75,x41_separated_d13.0_ns_a75,GFN2 deep,1.2497429645372904,0.0,-2.9169249524475163,3.9120617691150974,5,5,0.769251122091527,0.0496986009767073
07be8be8_glutathione_peroxidase,07be8be8,x41,41,Glutathione Peroxidase + Peroxidase,Glutathione Peroxidase,Peroxidase,independent adjacent,9.2,S,75,x41_adjacent_d9.2_s_a75,GFN2 deep,2.42429024975354,1.3975366283057156,1.3975366283057156,1.3975366283057156,5,5,0.7422286078397209,0.0482322789270471
07be8be8_peroxidase,07be8be8,x41,41,Glutathione Peroxidase + Peroxidase,Peroxidase,Glutathione Peroxidase,independent adjacent,9.2,S,75,x41_adjacent_d9.2_s_a75,GFN2 deep,1.0084350087349776,0.0,-4.202878508857339,4.202878508857339,5,5,0.7422286078397209,0.0482322789270471
0a4850cd_catalase,0a4850cd,x41,41,Catalase + Oxidase,Catalase,Oxidase,independent separated,13.0,NS,75,x41_separated_d13.0_ns_a75,First pass,1.260385040378651,2.5259784257787032,2.5259784257787032,2.5259784257787032,5,5,0.7690542116744179,0.0387148067836487
0a4850cd_oxidase,0a4850cd,x41,41,Catalase + Oxidase,Oxidase,Catalase,independent separated,13.0,NS,75,x41_separated_d13.0_ns_a75,First pass,-0.781652895712341,0.0,-0.1500869450283062,0.5219611804814122,5,5,0.7690542116744179,0.0387148067836487
0c47f082_catalase,0c47f082,x41,41,Catalase + Glucose Oxidase,Catalase,Glucose Oxidase,independent adjacent,9.2,S,75,x41_adjacent_d9.2_s_a75,GFN2 deep,0.5534339283856298,1.6919974937700315,1.6919974937700315,2.3224992259929422,5,5,0.7710271028059617,0.0415788836841863
0c47f082_glucose_oxidase,0c47f082,x41,41,Catalase + Glucose Oxidase,Glucose Oxidase,Catalase,independent adjacent,9.2,S,75,x41_adjacent_d9.2_s_a75,GFN2 deep,3.430152351760853,0.0,-5.146932940041552,5.146932940041552,5,5,0.7710271028059617,0.0415788836841863
0d026db6_oxidase,0d026db6,x41,41,Oxidase + Peroxidase,Oxidase,Peroxidase,independent adjacent,9.2,S,75,x41_adjacent_d9.2_s_a75,GFN2 deep,-1.0236268670751087,0.0,-0.8911322484382254,1.0221753921946402,5,5,0.7599777551105995,0.0499766469419764
0d026db6_peroxidase,0d026db6,x41,41,Oxidase + Peroxidase,Peroxidase,Oxidase,independent adjacent,9.2,S,75,x41_adjacent_d9.2_s_a75,GFN2 deep,1.0121149420060649,0.0,-4.187675008739006,4.187675008739006,5,5,0.7599777551105995,0.0499766469419764
0f96c07e_glucose_oxidase,0f96c07e,x41,41,Glucose Oxidase + Peroxidase,Glucose Oxidase,Peroxidase,independent separated,13.0,NS,75,x41_separated_d13.0_ns_a75,First pass,-0.0759343134088794,0.3650558899480529,0.3650558899480529,2.567293028253516,5,5,0.769251122091527,0.0496986009767073
0f96c07e_peroxidase,0f96c07e,x41,41,Glucose Oxidase + Peroxidase,Peroxidase,Glucose Oxidase,independent separated,13.0,NS,75,x41_separated_d13.0_ns_a75,First pass,0.9400362599212712,0.0,-4.727199435694729,4.727199435694729,5,5,0.769251122091527,0.0496986009767073
1205c5f3_glutathione_peroxidase,1205c5f3,x41,41,Glutathione Peroxidase + Peroxidase,Glutathione Peroxidase,Peroxidase,independent separated,13.0,NS,75,x41_separated_d13.0_ns_a75,GFN1 SCF fallback,2.0161034122320416,4.572913402627819,0.3320680910883311,4.572913402627819,5,5,0.7641952426554254,0.0443565463594083
1205c5f3_peroxidase,1205c5f3,x41,41,Glutathione Peroxidase + Peroxidase,Peroxidase,Glutathione Peroxidase,independent separated,13.0,NS,75,x41_separated_d13.0_ns_a75,First pass,0.2638292477868162,0.8456860404071449,-1.865470307573105,2.71115634798025,5,5,0.7641952426554254,0.0443565463594083
12d32dab_catalase,12d32dab,x41,41,Catalase + Oxidase,Catalase,Oxidase,independent adjacent,9.2,S,75,x41_adjacent_d9.2_s_a75,GFN2 deep,0.5564039106391192,1.6681313726271585,1.6681313726271585,2.3052237404626794,5,5,0.7721458607002749,0.0318107386225411
12d32dab_oxidase,12d32dab,x41,41,Catalase + Oxidase,Oxidase,Catalase,independent adjacent,9.2,S,75,x41_adjacent_d9.2_s_a75,GFN2 deep,0.0025848339419098,0.0,-2.6149213758476435,2.846180900322452,5,5,0.7721458607002749,0.0318107386225411
16da8ca8_glucose_oxidase,16da8ca8,x41,41,Glucose Oxidase + Peroxidase,Glucose Oxidase,Peroxidase,independent adjacent,9.2,S,75,x41_adjacent_d9.2_s_a75,GFN2 deep,1.2937403040743902,0.0,-2.0658496997821203,2.0658496997821203,5,5,0.7792413328415921,0.0497388545612139
16da8ca8_peroxidase,16da8ca8,x41,41,Glucose Oxidase + Peroxidase,Peroxidase,Glucose Oxidase,independent adjacent,9.2,S,75,x41_adjacent_d9.2_s_a75,GFN2 deep,1.5692457908626238,0.8937813455841024,-2.535604457277259,3.4293858028613613,5,5,0.7792413328415921,0.0497388545612139
18413b3e_glucose_oxidase,18413b3e,x41,41,Glucose Oxidase + Glutathione Peroxidase,Glucose Oxidase,Glutathione Peroxidase,independent adjacent,9.2,S,75,x41_adjacent_d9.2_s_a75,GFN2 deep,1.293740304076664,0.0,-2.0658497189315312,2.0658497189315312,5,5,0.7792413328415921,0.0497388545612139
18413b3e_glutathione_peroxidase,18413b3e,x41,41,Glucose Oxidase + Glutathione Peroxidase,Glutathione Peroxidase,Glucose Oxidase,independent adjacent,9.2,S,75,x41_adjacent_d9.2_s_a75,GFN2 deep,1.6941686506334008,1.2512431751019903,0.3949798495350478,1.2512431751019903,5,5,0.7792413328415921,0.0497388545612139
1cbd79d8_glucose_oxidase,1cbd79d8,x41,41,Glucose Oxidase + Oxidase,Glucose Oxidase,Oxidase,independent separated,13.0,NS,75,x41_separated_d13.0_ns_a75,GFN2 deep,0.3435432607177517,0.0,-2.069466737775201,2.950982458427461,5,5,0.7749127775495852,0.0403407219248824
1cbd79d8_oxidase,1cbd79d8,x41,41,Glucose Oxidase + Oxidase,Oxidase,Glucose Oxidase,independent separated,13.0,NS,75,x41_separated_d13.0_ns_a75,First pass,-0.3821994594877651,0.0,-3.400772463726298,3.7310416450559383,5,5,0.7749127775495852,0.0403407219248824
1dce8c74_oxidase,1dce8c74,x41,41,Oxidase + Peroxidase,Oxidase,Peroxidase,independent separated,13.0,NS,75,x41_separated_d13.0_ns_a75,First pass,-0.8429324673088558,0.4291293889937151,0.4291293889937151,0.7371982658182787,5,5,0.7637667729725313,0.0486460535658956
1dce8c74_peroxidase,1dce8c74,x41,41,Oxidase + Peroxidase,Peroxidase,Oxidase,independent separated,13.0,NS,75,x41_separated_d13.0_ns_a75,GFN2 deep,0.2656015602101433,1.1315467517747493,-2.906490964524892,4.038037716299641,5,5,0.7637667729725313,0.0486460535658956
1ee7d713_oxidase,1ee7d713,x41,41,Oxidase + Peroxidase,Oxidase,Peroxidase,independent adjacent,9.2,S,75,x41_adjacent_d9.2_s_a75,GFN2 deep,-1.0224800690239135,0.0,-0.8886583003486521,1.0084605630804615,5,5,0.7616128370863351,0.0281881493339726
1ee7d713_peroxidase,1ee7d713,x41,41,Oxidase + Peroxidase,Peroxidase,Oxidase,independent adjacent,9.2,S,75,x41_adjacent_d9.2_s_a75,GFN2 deep,1.567263516379171,0.8963441880664504,-2.544700890659442,3.4410450787258924,5,5,0.7616128370863351,0.0281881493339726
278270c5_glucose_oxidase,278270c5,x41,41,Glucose Oxidase + Oxidase,Glucose Oxidase,Oxidase,independent separated,13.0,NS,75,x41_separated_d13.0_ns_a75,First pass,-0.0759343134052414,0.0,-0.4372802821249024,2.1925251394318366,5,5,0.769251122091527,0.0496986009767073
278270c5_oxidase,278270c5,x41,41,Glucose Oxidase + Oxidase,Oxidase,Glucose Oxidase,independent separated,13.0,NS,75,x41_separated_d13.0_ns_a75,First pass,-0.3825420900652716,0.0,-3.376747168633756,3.710314093451416,5,5,0.769251122091527,0.0496986009767073
2c11e785_glucose_oxidase,2c11e785,x41,41,Glucose Oxidase + Peroxidase,Glucose Oxidase,Peroxidase,independent separated,13.0,NS,75,x41_separated_d13.0_ns_a75,GFN2 deep,-0.1236731612891617,0.0230404737235403,-0.4509176604292406,1.92482779987904,5,5,0.7689525428337999,0.0421565078069852
2c11e785_peroxidase,2c11e785,x41,41,Glucose Oxidase + Peroxidase,Peroxidase,Glucose Oxidase,independent separated,13.0,NS,75,x41_separated_d13.0_ns_a75,GFN2 deep,0.2650180474192893,1.1317893653135798,-2.905569065430427,4.037358430744007,5,5,0.7689525428337999,0.0421565078069852
2cef1d32_catalase,2cef1d32,x41,41,Catalase + Oxidase,Catalase,Oxidase,independent separated,13.0,NS,75,x41_separated_d13.0_ns_a75,First pass,1.2609819735350811,2.550663159952819,2.550663159952819,2.550663159952819,5,5,0.7690774546335157,0.049681428230567
2cef1d32_oxidase,2cef1d32,x41,41,Catalase + Oxidase,Oxidase,Catalase,independent separated,13.0,NS,75,x41_separated_d13.0_ns_a75,First pass,-0.381626190829138,0.0,-3.3954871699834257,3.726827427207809,5,5,0.7690774546335157,0.049681428230567
35496c33_glutathione_peroxidase,35496c33,x41,41,Glutathione Peroxidase + Peroxidase,Glutathione Peroxidase,Peroxidase,independent adjacent,9.2,S,75,x41_adjacent_d9.2_s_a75,GFN2 deep,2.4255681264921805,2.8751297108410654,2.8751297108410654,2.8751297108410654,5,5,0.7445802464514482,0.0490154239554888
35496c33_peroxidase,35496c33,x41,41,Glutathione Peroxidase + Peroxidase,Peroxidase,Glutathione Peroxidase,independent adjacent,9.2,S,75,x41_adjacent_d9.2_s_a75,GFN2 deep,1.5625640805592411,0.8958374943308627,-2.5420337816999563,3.437871276030819,5,5,0.7445802464514482,0.0490154239554888
3fc90a7e_catalase,3fc90a7e,x41,41,Catalase + Glucose Oxidase,Catalase,Glucose Oxidase,independent separated,13.0,NS,75,x41_separated_d13.0_ns_a75,First pass,1.2611083042754672,2.5233686140854843,2.5233686140854843,2.5233686140854843,5,5,0.7915290462996825,0.0485304754869852
3fc90a7e_glucose_oxidase,3fc90a7e,x41,41,Catalase + Glucose Oxidase,Glucose Oxidase,Catalase,independent separated,13.0,NS,75,x41_separated_d13.0_ns_a75,GFN1 SCF fallback,0.3830079891690729,0.0,-4.75576376864683,5.936853642452661,5,5,0.7915290462996825,0.0485304754869852
4442f5f8_glutathione_peroxidase,4442f5f8,x41,41,Glutathione Peroxidase + Oxidase,Glutathione Peroxidase,Oxidase,independent separated,13.0,NS,75,x41_separated_d13.0_ns_a75,GFN2 deep,1.8816231141267965,2.261296907625365,-1.089180477735681,5.42445797356504,5,5,0.7634359142388472,0.0497450287861546
4442f5f8_oxidase,4442f5f8,x41,41,Glutathione Peroxidase + Oxidase,Oxidase,Glutathione Peroxidase,independent separated,13.0,NS,75,x41_separated_d13.0_ns_a75,First pass,-0.3808257863856852,0.0,-3.419643773014741,3.74275925277334,5,5,0.7634359142388472,0.0497450287861546
449c2453_catalase,449c2453,x41,41,Catalase + Peroxidase,Catalase,Peroxidase,independent separated,13.0,NS,75,x41_separated_d13.0_ns_a75,First pass,1.2603850403791057,2.525978417755141,2.525978417755141,2.525978417755141,5,5,0.7690542116744179,0.0387148067836487
449c2453_peroxidase,449c2453,x41,41,Catalase + Peroxidase,Peroxidase,Catalase,independent separated,13.0,NS,75,x41_separated_d13.0_ns_a75,GFN2 deep,0.2655303116389405,1.131275248395923,-2.904933334815724,4.036208583211646,5,5,0.7690542116744179,0.0387148067836487
4536cfb5_catalase,4536cfb5,x41,41,Catalase + Glucose Oxidase,Catalase,Glucose Oxidase,independent separated,13.0,NS,75,x41_separated_d13.0_ns_a75,First pass,1.260744070093324,2.531405658606218,2.531405658606218,2.531405658606218,5,5,0.7766638017287193,0.0498501218226645
4536cfb5_glucose_oxidase,4536cfb5,x41,41,Catalase + Glucose Oxidase,Glucose Oxidase,Catalase,independent separated,13.0,NS,75,x41_separated_d13.0_ns_a75,GFN2 deep,-0.09092238887456,0.4256289403374467,-1.7565734436584537,2.851035401154149,5,5,0.7766638017287193,0.0498501218226645
4a583596_glucose_oxidase,4a583596,x41,41,Glucose Oxidase + Oxidase,Glucose Oxidase,Oxidase,independent separated,13.0,NS,75,x41_separated_d13.0_ns_a75,GFN2 deep,-0.1236731612905259,0.0247244051106463,-0.4484176703736011,1.9386462739366837,5,5,0.7689525428337999,0.0421565078069852
4a583596_oxidase,4a583596,x41,41,Glucose Oxidase + Oxidase,Oxidase,Glucose Oxidase,independent separated,13.0,NS,75,x41_separated_d13.0_ns_a75,First pass,-0.7815976715669422,0.0,-0.1773659334753574,0.543476838258357,5,5,0.7689525428337999,0.0421565078069852
4adfaf8a_glutathione_peroxidase,4adfaf8a,x41,41,Glutathione Peroxidase + Peroxidase,Glutathione Peroxidase,Peroxidase,independent separated,13.0,NS,75,x41_separated_d13.0_ns_a75,GFN2 extended,1.9256691192294968,3.1338528968572064,-2.081438638997497,5.215291535854703,5,5,0.7639120153632333,0.0392124027384671
4adfaf8a_peroxidase,4adfaf8a,x41,41,Glutathione Peroxidase + Peroxidase,Peroxidase,Glutathione Peroxidase,independent separated,13.0,NS,75,x41_separated_d13.0_ns_a75,First pass,0.9415518900177632,0.0,-4.732949440829998,4.732949440829998,5,5,0.7639120153632333,0.0392124027384671
53689eb8_glutathione_peroxidase,53689eb8,x41,41,Glutathione Peroxidase + Peroxidase,Glutathione Peroxidase,Peroxidase,independent adjacent,9.2,S,75,x41_adjacent_d9.2_s_a75,GFN1 SCF fallback,2.7000977735438028,5.837471971231025,5.837471971231025,5.837471971231025,5,5,0.7616128370863351,0.0281881493339726
53689eb8_peroxidase,53689eb8,x41,41,Glutathione Peroxidase + Peroxidase,Peroxidase,Glutathione Peroxidase,independent adjacent,9.2,S,75,x41_adjacent_d9.2_s_a75,GFN2 deep,1.5672635163764426,0.896361113108469,-2.5446643571740424,3.4410254702825114,5,5,0.7616128370863351,0.0281881493339726
64928548_oxidase,64928548,x41,41,Oxidase + Peroxidase,Oxidase,Peroxidase,independent adjacent,9.2,S,75,x41_adjacent_d9.2_s_a75,First pass,-1.4641504103442458,0.0,-0.2653039400815942,0.5460693874106255,5,5,0.7673528681860793,0.0445165760315157
64928548_peroxidase,64928548,x41,41,Oxidase + Peroxidase,Peroxidase,Oxidase,independent adjacent,9.2,S,75,x41_adjacent_d9.2_s_a75,GFN2 deep,1.5676901628817177,0.8955697048186266,-2.5448060215485384,3.440375726367165,5,5,0.7673528681860793,0.0445165760315157
6e25a9f2_glucose_oxidase,6e25a9f2,x41,41,Glucose Oxidase + Glutathione Peroxidase,Glucose Oxidase,Glutathione Peroxidase,independent separated,13.0,NS,75,x41_separated_d13.0_ns_a75,GFN2 deep,0.3435432607177517,0.0,-2.060884642731708,2.940831839940529,5,5,0.7749127775495852,0.0403407219248824
6e25a9f2_glutathione_peroxidase,6e25a9f2,x41,41,Glucose Oxidase + Glutathione Peroxidase,Glutathione Peroxidase,Glucose Oxidase,independent separated,13.0,NS,75,x41_separated_d13.0_ns_a75,GFN2 deep,1.2504653427981791,0.0,-2.871457382774679,3.884832413288677,5,5,0.7749127775495852,0.0403407219248824
730b9385_catalase,730b9385,x41,41,Catalase + Peroxidase,Catalase,Peroxidase,independent adjacent,9.2,S,75,x41_adjacent_d9.2_s_a75,GFN2 deep,0.556403910637755,1.6835228956992978,1.6835228956992978,2.3235029232014317,5,5,0.7721458607002749,0.0318107386225411
730b9385_peroxidase,730b9385,x41,41,Catalase + Peroxidase,Peroxidase,Catalase,independent adjacent,9.2,S,75,x41_adjacent_d9.2_s_a75,GFN2 deep,1.0072540926262263,0.0,-4.214872029131129,4.214872029131129,5,5,0.7721458607002749,0.0318107386225411
73dc09b5_glucose_oxidase,73dc09b5,x41,41,Glucose Oxidase + Peroxidase,Glucose Oxidase,Peroxidase,independent separated,13.0,NS,75,x41_separated_d13.0_ns_a75,GFN2 deep,0.3435432607182065,0.0,-2.0333087363483173,2.956809120093567,5,5,0.7749127775495852,0.0403407219248824
73dc09b5_peroxidase,73dc09b5,x41,41,Glucose Oxidase + Peroxidase,Peroxidase,Glucose Oxidase,independent separated,13.0,NS,75,x41_separated_d13.0_ns_a75,First pass,0.9406779747801012,0.0,-4.742887208827597,4.742887208827597,5,5,0.7749127775495852,0.0403407219248824
742aba40_catalase,742aba40,x41,41,Catalase + Oxidase,Catalase,Oxidase,independent adjacent,9.2,S,75,x41_adjacent_d9.2_s_a75,GFN2 deep,0.5569621442207335,1.6791863719872708,1.6791863719872708,2.3202185079171613,5,5,0.7743119086692003,0.0470246973007603
742aba40_oxidase,742aba40,x41,41,Catalase + Oxidase,Oxidase,Catalase,independent adjacent,9.2,S,75,x41_adjacent_d9.2_s_a75,First pass,0.3788613632286797,0.4715776656580601,0.4715776656580601,0.7034632003101251,5,5,0.7743119086692003,0.0470246973007603
74c8179e_glucose_oxidase,74c8179e,x41,41,Glucose Oxidase + Glutathione Peroxidase,Glucose Oxidase,Glutathione Peroxidase,independent separated,13.0,NS,75,x41_separated_d13.0_ns_a75,First pass,0.3469990866981334,0.8666484641621537,-3.6432973136543296,4.509945777816483,5,5,0.7759146309607963,0.0453180654648987
78a36f04_glutathione_peroxidase,78a36f04,x41,41,Glutathione Peroxidase + Peroxidase,Glutathione Peroxidase,Peroxidase,independent separated,13.0,NS,75,x41_separated_d13.0_ns_a75,GFN2 deep,1.8816231141277056,2.9757627731578395,2.9757627731578395,4.126230710822711,5,5,0.7634359142388472,0.0497450287861546
78a36f04_peroxidase,78a36f04,x41,41,Glutathione Peroxidase + Peroxidase,Peroxidase,Glutathione Peroxidase,independent separated,13.0,NS,75,x41_separated_d13.0_ns_a75,First pass,0.9433980214416806,0.0,-4.736037593177116,4.736037593177116,5,5,0.7634359142388472,0.0497450287861546
82135a5e_glutathione_peroxidase,82135a5e,x41,41,Glutathione Peroxidase + Oxidase,Glutathione Peroxidase,Oxidase,independent separated,13.0,NS,75,x41_separated_d13.0_ns_a75,GFN2 deep,1.927890448576818,1.0366182456245951,1.0366182456245951,1.0366182456245951,5,5,0.7641952426554254,0.0443565463594083
82135a5e_oxidase,82135a5e,x41,41,Glutathione Peroxidase + Oxidase,Oxidase,Glutathione Peroxidase,independent separated,13.0,NS,75,x41_separated_d13.0_ns_a75,First pass,-0.7816771208704267,0.0,-0.1702498703139099,0.5397594723140173,5,5,0.7641952426554254,0.0443565463594083
830321f8_glutathione_peroxidase,830321f8,x41,41,Glutathione Peroxidase + Peroxidase,Glutathione Peroxidase,Peroxidase,independent separated,13.0,NS,75,x41_separated_d13.0_ns_a75,GFN1 SCF fallback,2.1865036863473506,4.43486625377318,1.8527994980941005,4.43486625377318,5,5,0.7637667729725313,0.0486460535658956
830321f8_peroxidase,830321f8,x41,41,Glutathione Peroxidase + Peroxidase,Peroxidase,Glutathione Peroxidase,independent separated,13.0,NS,75,x41_separated_d13.0_ns_a75,GFN2 deep,0.2656015602096886,1.1316653527023846,-2.905229663632781,4.036895016335166,5,5,0.7637667729725313,0.0486460535658956
8b06e731_catalase,8b06e731,x41,41,Catalase + Glutathione Peroxidase,Catalase,Glutathione Peroxidase,independent adjacent,9.2,S,75,x41_adjacent_d9.2_s_a75,GFN2 deep,0.5563957640986246,0.0,-0.6436934664570799,0.6436934664570799,5,5,0.7739853810132499,0.0359927513618144
8b06e731_glutathione_peroxidase,8b06e731,x41,41,Catalase + Glutathione Peroxidase,Glutathione Peroxidase,Catalase,independent adjacent,9.2,S,75,x41_adjacent_d9.2_s_a75,GFN2 extended,1.749213697522464,5.301827206349117,5.301827206349117,6.71458799361244,5,5,0.7739853810132499,0.0359927513618144
919ccd7b_oxidase,919ccd7b,x41,41,Oxidase + Peroxidase,Oxidase,Peroxidase,independent separated,13.0,NS,75,x41_separated_d13.0_ns_a75,First pass,-1.284677738629398,0.0,-1.1324249427038922,1.4296796608700788,5,5,0.7643753592740308,0.0478102105622102
919ccd7b_peroxidase,919ccd7b,x41,41,Oxidase + Peroxidase,Peroxidase,Oxidase,independent separated,13.0,NS,75,x41_separated_d13.0_ns_a75,GFN2 deep,0.2630419797901595,1.1373747637603628,-2.895421786134648,4.032796549895011,5,5,0.7643753592740308,0.0478102105622102
a23c7a6c_catalase,a23c7a6c,x41,41,Catalase + Glucose Oxidase,Catalase,Glucose Oxidase,independent adjacent,9.2,S,75,x41_adjacent_d9.2_s_a75,GFN2 deep,0.5563604884348479,1.6684597524349556,1.6684597524349556,2.3177060065049773,5,5,0.7805247311754001,0.0475140448968916
a23c7a6c_glucose_oxidase,a23c7a6c,x41,41,Catalase + Glucose Oxidase,Glucose Oxidase,Catalase,independent adjacent,9.2,S,75,x41_adjacent_d9.2_s_a75,GFN2 deep,3.5220558979697216,1.5046086499355624,-0.984098194557646,2.4887068444932083,5,5,0.7805247311754001,0.0475140448968916
a4f1410e_oxidase,a4f1410e,x41,41,Oxidase + Peroxidase,Oxidase,Peroxidase,independent separated,13.0,NS,75,x41_separated_d13.0_ns_a75,First pass,-0.843045528312814,0.4085948320353054,0.4085948320353054,0.7423402480949335,5,5,0.7634359142388472,0.0497450287861546
a4f1410e_peroxidase,a4f1410e,x41,41,Oxidase + Peroxidase,Peroxidase,Oxidase,independent separated,13.0,NS,75,x41_separated_d13.0_ns_a75,First pass,0.9433980214416806,0.0,-4.730467533991487,4.730467533991487,5,5,0.7634359142388472,0.0497450287861546
ac79c6bc_glutathione_peroxidase,ac79c6bc,x41,41,Glutathione Peroxidase + Oxidase,Glutathione Peroxidase,Oxidase,independent separated,13.0,NS,75,x41_separated_d13.0_ns_a75,GFN2 deep,1.925669119228587,4.578894724719248,2.649619299123515,5.342102621011691,5,5,0.7639120153632333,0.0392124027384671
ac79c6bc_oxidase,ac79c6bc,x41,41,Glutathione Peroxidase + Oxidase,Oxidase,Glutathione Peroxidase,independent separated,13.0,NS,75,x41_separated_d13.0_ns_a75,First pass,-0.381828541952018,0.0,-3.394423694890065,3.725158963843569,5,5,0.7639120153632333,0.0392124027384671
b0d27180_glucose_oxidase,b0d27180,x41,41,Glucose Oxidase + Oxidase,Glucose Oxidase,Oxidase,independent separated,13.0,NS,75,x41_separated_d13.0_ns_a75,GFN2 deep,0.3229150772697267,0.0,-2.0910643687598167,2.9492089512418715,5,5,0.7749791981106524,0.0284339402505746
b0d27180_oxidase,b0d27180,x41,41,Glucose Oxidase + Oxidase,Oxidase,Glucose Oxidase,independent separated,13.0,NS,75,x41_separated_d13.0_ns_a75,First pass,-0.7820008663015869,0.5560798129481554,0.5560798129481554,0.8366645635333043,5,5,0.7749791981106524,0.0284339402505746
c78f0cb3_catalase,c78f0cb3,x41,41,Catalase + Glutathione Peroxidase,Catalase,Glutathione Peroxidase,independent separated,13.0,NS,75,x41_separated_d13.0_ns_a75,First pass,1.2609819735337169,2.550663298819927,2.550663298819927,2.550663298819927,5,5,0.7690774546335157,0.049681428230567
c78f0cb3_glutathione_peroxidase,c78f0cb3,x41,41,Catalase + Glutathione Peroxidase,Glutathione Peroxidase,Catalase,independent separated,13.0,NS,75,x41_separated_d13.0_ns_a75,GFN2 deep,1.2519155384311489,0.0,-3.229893429092044,3.229893429092044,5,5,0.7690774546335157,0.049681428230567
d0e763c5_glutathione_peroxidase,d0e763c5,x41,41,Glutathione Peroxidase + Peroxidase,Glutathione Peroxidase,Peroxidase,independent adjacent,9.2,S,75,x41_adjacent_d9.2_s_a75,GFN2 extended,2.73246002243377,0.5772380900780263,-0.0524570871730247,1.9660438548735328,5,5,0.7599777551105995,0.0499766469419764
d0e763c5_peroxidase,d0e763c5,x41,41,Glutathione Peroxidase + Peroxidase,Peroxidase,Glutathione Peroxidase,independent adjacent,9.2,S,75,x41_adjacent_d9.2_s_a75,GFN2 deep,1.0121149420047004,0.0,-4.194571181262745,4.194571181262745,5,5,0.7599777551105995,0.0499766469419764
debc04c4_catalase,debc04c4,x41,41,Catalase + Peroxidase,Catalase,Peroxidase,independent separated,13.0,NS,75,x41_separated_d13.0_ns_a75,First pass,1.260981973531898,2.5506632902770434,2.5506632902770434,2.5506632902770434,5,5,0.7690774546335157,0.049681428230567
debc04c4_peroxidase,debc04c4,x41,41,Catalase + Peroxidase,Peroxidase,Catalase,independent separated,13.0,NS,75,x41_separated_d13.0_ns_a75,First pass,0.9417529278011898,0.0,-4.73729039791715,4.73729039791715,5,5,0.7690774546335157,0.049681428230567
e079d280_catalase,e079d280,x41,41,Catalase + Glutathione Peroxidase,Catalase,Glutathione Peroxidase,independent separated,13.0,NS,75,x41_separated_d13.0_ns_a75,First pass,1.2612552370653702,2.5299080665595284,2.5299080665595284,2.5299080665595284,5,5,0.7704636814974029,0.0481189856776892
e6496c02_oxidase,e6496c02,x41,41,Oxidase + Peroxidase,Oxidase,Peroxidase,independent adjacent,9.2,S,75,x41_adjacent_d9.2_s_a75,First pass,-1.2712159495758897,0.5434619387451676,0.5434619387451676,0.5980960682527439,5,5,0.7657665859456679,0.0429944463632323
e6496c02_peroxidase,e6496c02,x41,41,Oxidase + Peroxidase,Peroxidase,Oxidase,independent adjacent,9.2,S,75,x41_adjacent_d9.2_s_a75,GFN2 deep,1.0123198905498612,0.0,-4.185701865626015,4.185701865626015,5,5,0.7657665859456679,0.0429944463632323
ea2c7ef2_catalase,ea2c7ef2,x41,41,Catalase + Peroxidase,Catalase,Peroxidase,independent adjacent,9.2,S,75,x41_adjacent_d9.2_s_a75,GFN2 deep,0.5569621442220978,1.6791791231617026,1.6791791231617026,2.3202058101055627,5,5,0.7743119086692003,0.0470246973007603
ea2c7ef2_peroxidase,ea2c7ef2,x41,41,Catalase + Peroxidase,Peroxidase,Catalase,independent adjacent,9.2,S,75,x41_adjacent_d9.2_s_a75,GFN2 deep,1.5628362170095895,0.9024411945697466,-2.53580242603266,3.4382436206024067,5,5,0.7743119086692003,0.0470246973007603
ebe06968_catalase,ebe06968,x41,41,Catalase + Glutathione Peroxidase,Catalase,Glutathione Peroxidase,independent adjacent,9.2,S,75,x41_adjacent_d9.2_s_a75,GFN2 deep,0.556962144221643,1.6791549096064955,1.6791549096064955,2.3201853387695337,5,5,0.7743119086692003,0.0470246973007603
ebe06968_glutathione_peroxidase,ebe06968,x41,41,Catalase + Glutathione Peroxidase,Glutathione Peroxidase,Catalase,independent adjacent,9.2,S,75,x41_adjacent_d9.2_s_a75,GFN2 deep,1.687260507881092,3.2791850743415125,0.6177924040957805,3.808393454897669,5,5,0.7743119086692003,0.0470246973007603
ecd634a6_glucose_oxidase,ecd634a6,x41,41,Glucose Oxidase + Peroxidase,Glucose Oxidase,Peroxidase,independent separated,13.0,NS,75,x41_separated_d13.0_ns_a75,GFN2 deep,0.3229150772692719,0.0,-2.130815877704663,2.9260387314088803,5,5,0.7749791981106524,0.0284339402505746
ecd634a6_peroxidase,ecd634a6,x41,41,Glucose Oxidase + Peroxidase,Peroxidase,Glucose Oxidase,independent separated,13.0,NS,75,x41_separated_d13.0_ns_a75,GFN2 deep,0.2636476618258712,1.136319864662255,-3.147186664718447,4.283506529380702,5,5,0.7749791981106524,0.0284339402505746
efb03ea5_glutathione_peroxidase,efb03ea5,x41,41,Glutathione Peroxidase + Oxidase,Glutathione Peroxidase,Oxidase,independent separated,13.0,NS,75,x41_separated_d13.0_ns_a75,GFN2 deep,1.881934096435998,2.9637538856140964,2.9637538856140964,4.147389568242943,5,5,0.7637667729725313,0.0486460535658956
efb03ea5_oxidase,efb03ea5,x41,41,Glutathione Peroxidase + Oxidase,Oxidase,Glutathione Peroxidase,independent separated,13.0,NS,75,x41_separated_d13.0_ns_a75,First pass,-0.7815190994742807,0.0,-0.160244550414518,0.5309595221319796,5,5,0.7637667729725313,0.0486460535658956
f596df19_oxidase,f596df19,x41,41,Oxidase + Peroxidase,Oxidase,Peroxidase,independent separated,13.0,NS,75,x41_separated_d13.0_ns_a75,GFN2 deep,-1.2847378541032413,0.0,-0.9344236798115162,1.213463027076159,5,5,0.7650262739638519,0.0457985069050329
f596df19_peroxidase,f596df19,x41,41,Oxidase + Peroxidase,Peroxidase,Oxidase,independent separated,13.0,NS,75,x41_separated_d13.0_ns_a75,First pass,0.9414589923671884,0.0,-4.738417538183512,4.738417538183512,5,5,0.7650262739638519,0.0457985069050329
f7e729b9_glucose_oxidase,f7e729b9,x41,41,Glucose Oxidase + Glutathione Peroxidase,Glucose Oxidase,Glutathione Peroxidase,independent separated,13.0,NS,75,x41_separated_d13.0_ns_a75,GFN2 deep,-0.095170543159611,0.0213857469288996,-0.4525453959759034,1.9432583800535213,5,5,0.7702526600943473,0.0451732091218029
f7e729b9_glutathione_peroxidase,f7e729b9,x41,41,Glucose Oxidase + Glutathione Peroxidase,Glutathione Peroxidase,Glucose Oxidase,independent separated,13.0,NS,75,x41_separated_d13.0_ns_a75,GFN2 deep,1.7837310195800455,4.061868393539953,2.5958666340929994,4.311674976844188,5,5,0.7702526600943473,0.0451732091218029
0d586dda_oxidase,0d586dda,x42,42,Oxidase + Peroxidase,Oxidase,Peroxidase,bridged,8.0,S,105,x42_bridged_d8.0_s_a105,GFN2 deep,-1.7595071115683822,0.0,-3.321483816215732,3.534633004387615,5,5,0.6920198607720043,0.0398119889690761
0d586dda_peroxidase,0d586dda,x42,42,Oxidase + Peroxidase,Peroxidase,Oxidase,bridged,8.0,S,105,x42_bridged_d8.0_s_a105,GFN2 deep,-0.1435463311890998,0.6889416796902879,-2.167130861048463,2.856072540738751,5,5,0.6920198607720043,0.0398119889690761
33f5090f_oxidase,33f5090f,x42,42,Oxidase + Peroxidase,Oxidase,Peroxidase,bridged,8.0,S,105,x42_bridged_d8.0_s_a105,GFN2 deep,-1.0949931633140295,0.0,-4.716654503707105,4.837510191397996,5,5,0.7045941570891534,0.0439805318631572
33f5090f_peroxidase,33f5090f,x42,42,Oxidase + Peroxidase,Peroxidase,Oxidase,bridged,8.0,S,105,x42_bridged_d8.0_s_a105,GFN2 deep,0.4310017359321136,0.1811884987700978,-5.013506284986761,5.194694783756859,5,5,0.7045941570891534,0.0439805318631572
65f1b705_catalase,65f1b705,x42,42,Catalase + Peroxidase,Catalase,Peroxidase,independent adjacent,9.8,NS,105,x42_adjacent_d9.8_ns_a105,GFN2 deep,0.4081156865211142,2.7172579456942003,2.7172579456942003,2.7172579456942003,5,5,0.7790927424633873,0.0470047496629781
65f1b705_peroxidase,65f1b705,x42,42,Catalase + Peroxidase,Peroxidase,Catalase,independent adjacent,9.8,NS,105,x42_adjacent_d9.8_ns_a105,GFN2 deep,0.9437311232336468,0.3642252362856197,-3.001400532272328,3.365625768557948,5,5,0.7790927424633873,0.0470047496629781
99c9e8a3_catalase,99c9e8a3,x42,42,Catalase + Oxidase,Catalase,Oxidase,independent adjacent,9.8,NS,105,x42_adjacent_d9.8_ns_a105,GFN2 deep,0.4081156865224784,2.7172579209177457,2.7172579209177457,2.7172579209177457,5,5,0.7790927424633873,0.0470047496629781
99c9e8a3_oxidase,99c9e8a3,x42,42,Catalase + Oxidase,Oxidase,Catalase,independent adjacent,9.8,NS,105,x42_adjacent_d9.8_ns_a105,First pass,-0.3976328278226901,0.0,-0.5725955769739812,0.7168063811577667,5,5,0.7790927424633873,0.0470047496629781
d55d440b_catalase,d55d440b,x42,42,Catalase + Peroxidase,Catalase,Peroxidase,bridged,8.0,S,105,x42_bridged_d8.0_s_a105,First pass,0.389821455210722,2.353571458002989,2.353571458002989,2.353571458002989,5,5,0.7516357841298118,0.0495819472946746
d55d440b_peroxidase,d55d440b,x42,42,Catalase + Peroxidase,Peroxidase,Catalase,bridged,8.0,S,105,x42_bridged_d8.0_s_a105,GFN2 deep,-0.5456388948159656,0.0,-1.6612251603182813,1.6612251603182813,5,5,0.7516357841298118,0.0495819472946746
dadedca1_catalase,dadedca1,x42,42,Catalase + Oxidase,Catalase,Oxidase,bridged,8.0,S,105,x42_bridged_d8.0_s_a105,First pass,0.389821455208903,2.3568092457499006,2.3568092457499006,2.3568092457499006,5,5,0.7516357841298118,0.0495819472946746
dadedca1_oxidase,dadedca1,x42,42,Catalase + Oxidase,Oxidase,Catalase,bridged,8.0,S,105,x42_bridged_d8.0_s_a105,GFN2 deep,-1.974860245540185,0.0,-4.476895402517584,4.624904730443632,5,5,0.7516357841298118,0.0495819472946746
3861fc30_oxidase,3861fc30,x45,45,Oxidase + Peroxidase,Oxidase,Peroxidase,independent adjacent,7.0,S,45,x45_adjacent_d7.0_s_a45,First pass,-1.37173307807916,0.0,-3.4506541453561117,3.748060153209281,5,5,0.7561832827557883,0.0403781848725311
3861fc30_peroxidase,3861fc30,x45,45,Oxidase + Peroxidase,Peroxidase,Oxidase,independent adjacent,7.0,S,45,x45_adjacent_d7.0_s_a45,GFN2 deep,0.9295208413486762,1.2577958771157682,-1.611737956056004,2.869533833171772,5,5,0.7561832827557883,0.0403781848725311
83fb28e5_oxidase,83fb28e5,x45,45,Oxidase + Peroxidase,Oxidase,Peroxidase,independent adjacent,7.0,S,45,x45_adjacent_d7.0_s_a45,GFN2 deep,-1.3422955515934518,0.0,-1.791203268139725,2.110863292201429,5,5,0.7220162759491427,0.048711806983356
83fb28e5_peroxidase,83fb28e5,x45,45,Oxidase + Peroxidase,Peroxidase,Oxidase,independent adjacent,7.0,S,45,x45_adjacent_d7.0_s_a45,First pass,0.4998069702014618,1.1257570965640298,1.1257570965640298,1.1257570965640298,5,5,0.7220162759491427,0.048711806983356
287b9237_catalase,287b9237,x46,46,Catalase + Oxidase,Catalase,Oxidase,bridged,6.2,S,75,x46_bridged_d6.2_s_a75,First pass,0.5219053398116102,2.400673571608422,2.400673571608422,2.400673571608422,5,5,0.7603654832184418,0.0495877286054424
287b9237_oxidase,287b9237,x46,46,Catalase + Oxidase,Oxidase,Catalase,bridged,6.2,S,75,x46_bridged_d6.2_s_a75,First pass,-1.684972845072025,0.0,-0.1015644814042389,0.4699250574440157,5,5,0.7603654832184418,0.0495877286054424
40f61d8b_catalase,40f61d8b,x46,46,Catalase + Oxidase,Catalase,Oxidase,bridged,6.2,S,75,x46_bridged_d6.2_s_a75,First pass,0.5117220410272694,2.434001075802371,2.434001075802371,2.434001075802371,5,5,0.7673686233128572,0.0373336937494809
40f61d8b_oxidase,40f61d8b,x46,46,Catalase + Oxidase,Oxidase,Catalase,bridged,6.2,S,75,x46_bridged_d6.2_s_a75,GFN2 deep,-2.0598739562574337,0.0,-3.198980079048852,3.6387796153185263,5,5,0.7673686233128572,0.0373336937494809
59ee06a3_catalase,59ee06a3,x46,46,Catalase + Peroxidase,Catalase,Peroxidase,bridged,6.2,S,75,x46_bridged_d6.2_s_a75,First pass,0.5117220410290884,2.433799307923437,2.433799307923437,2.433799307923437,5,5,0.7673686233128572,0.0373336937494809
59ee06a3_peroxidase,59ee06a3,x46,46,Catalase + Peroxidase,Peroxidase,Catalase,bridged,6.2,S,75,x46_bridged_d6.2_s_a75,GFN2 extended,-0.9113497879884562,0.0,-0.0305684936765828,1.4214542444915423,5,5,0.7673686233128572,0.0373336937494809
5bfbeee7_catalase,5bfbeee7,x46,46,Catalase + Peroxidase,Catalase,Peroxidase,bridged,6.2,S,75,x46_bridged_d6.2_s_a75,First pass,0.5219053398161577,2.400673546045254,2.400673546045254,2.400673546045254,5,5,0.7603654832184418,0.0495877286054424
5bfbeee7_peroxidase,5bfbeee7,x46,46,Catalase + Peroxidase,Peroxidase,Catalase,bridged,6.2,S,75,x46_bridged_d6.2_s_a75,GFN2 deep,0.8394608176436122,0.8565901489819225,-2.3638292972227646,3.220419446204687,5,5,0.7603654832184418,0.0495877286054424
820735e7_oxidase,820735e7,x46,46,Oxidase + Peroxidase,Oxidase,Peroxidase,bridged,6.2,S,75,x46_bridged_d6.2_s_a75,First pass,-1.648869798335454,0.0,-4.249867374433961,4.531467859836994,5,5,0.7321054053549264,0.0403821900654531
820735e7_peroxidase,820735e7,x46,46,Oxidase + Peroxidase,Peroxidase,Oxidase,bridged,6.2,S,75,x46_bridged_d6.2_s_a75,First pass,1.4695527672943172,2.1239903965779376,2.1239903965779376,2.1530180167910657,5,5,0.7321054053549264,0.0403821900654531
c583be02_oxidase,c583be02,x46,46,Oxidase + Peroxidase,Oxidase,Peroxidase,bridged,6.2,S,75,x46_bridged_d6.2_s_a75,GFN2 deep,-1.8563063657720704,0.0,-1.2610871946135376,1.3969765889360133,5,5,0.7359768148366754,0.0255910626519686
c583be02_peroxidase,c583be02,x46,46,Oxidase + Peroxidase,Peroxidase,Oxidase,bridged,6.2,S,75,x46_bridged_d6.2_s_a75,GFN2 deep,-0.1435243720029575,0.0,-2.013319267476618,2.013319267476618,5,5,0.7359768148366754,0.0255910626519686
183f4719_glucose_oxidase,183f4719,x57,57,Glucose Oxidase + Oxidase,Glucose Oxidase,Oxidase,independent separated,13.0,NS,105,x57_separated_d13.0_ns_a105,GFN2 deep,-0.029151367714121,1.1454532701714015,-4.56566538821653,5.711118658387932,5,5,0.7755321343862964,0.0476588256651756
183f4719_oxidase,183f4719,x57,57,Glucose Oxidase + Oxidase,Oxidase,Glucose Oxidase,independent separated,13.0,NS,105,x57_separated_d13.0_ns_a105,First pass,-1.2177098831270996,0.5311219190002703,0.5311219190002703,0.8025130712003374,5,5,0.7755321343862964,0.0476588256651756
1faba8f9_glutathione_peroxidase,1faba8f9,x57,57,Glutathione Peroxidase + Oxidase,Glutathione Peroxidase,Oxidase,independent separated,13.0,NS,105,x57_separated_d13.0_ns_a105,GFN2 deep,2.742991900490779,5.473378493240489,1.999734902050477,7.557868212727044,5,5,0.7639553804448931,0.0418420560274848
1faba8f9_oxidase,1faba8f9,x57,57,Glutathione Peroxidase + Oxidase,Oxidase,Glutathione Peroxidase,independent separated,13.0,NS,105,x57_separated_d13.0_ns_a105,First pass,-1.2173546462040576,0.5288532888444024,0.5288532888444024,0.7988473510081349,5,5,0.7639553804448931,0.0418420560274848
2270131c_catalase,2270131c,x57,57,Catalase + Glutathione Peroxidase,Catalase,Glutathione Peroxidase,independent separated,13.0,NS,105,x57_separated_d13.0_ns_a105,First pass,0.7954041775140013,0.3236594523309577,-0.1217218313581725,0.4453812836891302,5,5,0.7659347915988732,0.0253217251348609
2270131c_glutathione_peroxidase,2270131c,x57,57,Catalase + Glutathione Peroxidase,Glutathione Peroxidase,Catalase,independent separated,13.0,NS,105,x57_separated_d13.0_ns_a105,GFN1 extended,2.1516338836413524,1.9902879647015648,1.0289445241578503,4.875284048075628,5,5,0.7659347915988732,0.0253217251348609
31967c28_glucose_oxidase,31967c28,x57,57,Glucose Oxidase + Peroxidase,Glucose Oxidase,Peroxidase,independent separated,13.0,NS,105,x57_separated_d13.0_ns_a105,First pass,-0.3463260641003671,1.809600120886444,-1.274743915344061,3.914524655337118,5,5,0.7676261857102435,0.0426801136596372
31967c28_peroxidase,31967c28,x57,57,Glucose Oxidase + Peroxidase,Peroxidase,Glucose Oxidase,independent separated,13.0,NS,105,x57_separated_d13.0_ns_a105,First pass,0.8090207944524082,0.0,-1.3777272890192762,1.3777272890192762,5,5,0.7676261857102435,0.0426801136596372
43609ae6_catalase,43609ae6,x57,57,Catalase + Oxidase,Catalase,Oxidase,independent separated,13.0,NS,105,x57_separated_d13.0_ns_a105,First pass,0.7950717952937794,1.3643639053329937,1.3643639053329937,2.4493281332188417,5,5,0.7684131655527409,0.0387284543338939
43609ae6_oxidase,43609ae6,x57,57,Catalase + Oxidase,Oxidase,Catalase,independent separated,13.0,NS,105,x57_separated_d13.0_ns_a105,First pass,-1.2172440682170418,0.5309000165016187,0.5309000165016187,0.8008211480550926,5,5,0.7684131655527409,0.0387284543338939
47008e1f_catalase,47008e1f,x57,57,Catalase + Glucose Oxidase,Catalase,Glucose Oxidase,independent separated,13.0,NS,105,x57_separated_d13.0_ns_a105,First pass,0.7949588025046523,1.3729907128540615,1.3729907128540615,2.457329071233289,5,5,0.7762577459457027,0.0498422704378364
47008e1f_glucose_oxidase,47008e1f,x57,57,Catalase + Glucose Oxidase,Glucose Oxidase,Catalase,independent separated,13.0,NS,105,x57_separated_d13.0_ns_a105,GFN2 extended,1.5956419836932128,0.0,-5.718185365507907,5.718185365507907,5,5,0.7762577459457027,0.0498422704378364
49d8654f_oxidase,49d8654f,x57,57,Oxidase + Peroxidase,Oxidase,Peroxidase,independent separated,13.0,NS,105,x57_separated_d13.0_ns_a105,First pass,-1.1202094947852856,0.1316744221639965,-1.068948487522448,1.2006229096864445,5,5,0.7641411237606842,0.0257603205875425
49d8654f_peroxidase,49d8654f,x57,57,Oxidase + Peroxidase,Peroxidase,Oxidase,independent separated,13.0,NS,105,x57_separated_d13.0_ns_a105,First pass,0.3462572546950468,1.8377585986108895,1.8377585986108895,1.8377585986108895,5,5,0.7641411237606842,0.0257603205875425
4af72a56_oxidase,4af72a56,x57,57,Oxidase + Peroxidase,Oxidase,Peroxidase,independent separated,13.0,NS,105,x57_separated_d13.0_ns_a105,First pass,-1.1202628444898437,0.128787008648942,-1.079550239098353,1.208337247747295,5,5,0.7612147638713789,0.0444608452564283
4af72a56_peroxidase,4af72a56,x57,57,Oxidase + Peroxidase,Peroxidase,Oxidase,independent separated,13.0,NS,105,x57_separated_d13.0_ns_a105,First pass,0.8071018563559846,0.0,-1.3384625842363675,1.3384625842363675,5,5,0.7612147638713789,0.0444608452564283
4e3975dc_catalase,4e3975dc,x57,57,Catalase + Glucose Oxidase,Catalase,Glucose Oxidase,independent separated,13.0,NS,105,x57_separated_d13.0_ns_a105,First pass,0.7938054135663606,1.375713820468718,1.375713820468718,2.450786566369061,5,5,0.7899004553696476,0.0350959619043756
4e3975dc_glucose_oxidase,4e3975dc,x57,57,Catalase + Glucose Oxidase,Glucose Oxidase,Catalase,independent separated,13.0,NS,105,x57_separated_d13.0_ns_a105,GFN2 deep,0.9995427490318888,0.4048645751927324,-2.9938570504027666,4.4998492991303465,5,5,0.7899004553696476,0.0350959619043756
527978e9_glucose_oxidase,527978e9,x57,57,Glucose Oxidase + Glutathione Peroxidase,Glucose Oxidase,Glutathione Peroxidase,independent separated,13.0,NS,105,x57_separated_d13.0_ns_a105,GFN2 deep,0.0013793754690141,1.1119840720593857,-4.571166115389133,5.683150187448518,5,5,0.7726876143155694,0.0310589261254689
527978e9_glutathione_peroxidase,527978e9,x57,57,Glucose Oxidase + Glutathione Peroxidase,Glutathione Peroxidase,Glucose Oxidase,independent separated,13.0,NS,105,x57_separated_d13.0_ns_a105,GFN2 deep,1.8482119700684048,1.604935591954927,1.604935591954927,3.9594642191932503,5,5,0.7726876143155694,0.0310589261254689
5a342069_glucose_oxidase,5a342069,x57,57,Glucose Oxidase + Peroxidase,Glucose Oxidase,Peroxidase,independent separated,13.0,NS,105,x57_separated_d13.0_ns_a105,GFN2 deep,0.4313484962469829,0.7967774179287517,-5.022309033563033,5.819086451491785,5,5,0.7695868560827741,0.0455144097210093
5a342069_peroxidase,5a342069,x57,57,Glucose Oxidase + Peroxidase,Peroxidase,Glucose Oxidase,independent separated,13.0,NS,105,x57_separated_d13.0_ns_a105,First pass,0.3457575830507267,1.8339081797680592,1.8339081797680592,1.8339081797680592,5,5,0.7695868560827741,0.0455144097210093
5efb93e0_glucose_oxidase,5efb93e0,x57,57,Glucose Oxidase + Glutathione Peroxidase,Glucose Oxidase,Glutathione Peroxidase,independent separated,13.0,NS,105,x57_separated_d13.0_ns_a105,First pass,-0.3463260641012766,1.8095776325517363,-1.2749722496741924,3.914987811254832,5,5,0.7676261857102435,0.0426801136596372
5efb93e0_glutathione_peroxidase,5efb93e0,x57,57,Glucose Oxidase + Glutathione Peroxidase,Glutathione Peroxidase,Glucose Oxidase,independent separated,13.0,NS,105,x57_separated_d13.0_ns_a105,GFN2 deep,1.8485854844357164,1.6063785883970922,1.6063785883970922,3.944295408990001,5,5,0.7676261857102435,0.0426801136596372
65580183_glutathione_peroxidase,65580183,x57,57,Glutathione Peroxidase + Oxidase,Glutathione Peroxidase,Oxidase,independent separated,13.0,NS,105,x57_separated_d13.0_ns_a105,GFN2 deep,2.7139220891190234,3.968232596758753,3.968232596758753,4.061492718504269,5,5,0.7608068068273703,0.0483567004558579
65580183_oxidase,65580183,x57,57,Glutathione Peroxidase + Oxidase,Oxidase,Glutathione Peroxidase,independent separated,13.0,NS,105,x57_separated_d13.0_ns_a105,First pass,-0.9042394702141792,0.0,-1.7644479753630549,1.7644479753630549,5,5,0.7608068068273703,0.0483567004558579
69a0bda6_glutathione_peroxidase,69a0bda6,x57,57,Glutathione Peroxidase + Peroxidase,Glutathione Peroxidase,Peroxidase,independent separated,13.0,NS,105,x57_separated_d13.0_ns_a105,GFN2 deep,2.742991900490779,5.482507962662567,2.045260959419465,7.567413774259876,5,5,0.7639553804448931,0.0418420560274848
69a0bda6_peroxidase,69a0bda6,x57,57,Glutathione Peroxidase + Peroxidase,Peroxidase,Glutathione Peroxidase,independent separated,13.0,NS,105,x57_separated_d13.0_ns_a105,First pass,0.3460631334555728,1.8418723200024945,1.8418723200024945,1.8418723200024945,5,5,0.7639553804448931,0.0418420560274848
6e8d7cbd_glucose_oxidase,6e8d7cbd,x57,57,Glucose Oxidase + Peroxidase,Glucose Oxidase,Peroxidase,independent separated,13.0,NS,105,x57_separated_d13.0_ns_a105,GFN2 deep,-0.029151367714121,1.110324886581111,-4.563637082913374,5.673961969494485,5,5,0.7755321343862964,0.0476588256651756
6e8d7cbd_peroxidase,6e8d7cbd,x57,57,Glucose Oxidase + Peroxidase,Peroxidase,Glucose Oxidase,independent separated,13.0,NS,105,x57_separated_d13.0_ns_a105,First pass,0.3451509356709721,1.8404526177209848,1.8404526177209848,1.8404526177209848,5,5,0.7755321343862964,0.0476588256651756
6f57fdb3_glucose_oxidase,6f57fdb3,x57,57,Glucose Oxidase + Oxidase,Glucose Oxidase,Oxidase,independent separated,13.0,NS,105,x57_separated_d13.0_ns_a105,GFN2 deep,0.4313484962456186,0.7967774179810476,-5.02230456227926,5.819081980260307,5,5,0.7695868560827741,0.0455144097210093
6f57fdb3_oxidase,6f57fdb3,x57,57,Glucose Oxidase + Oxidase,Oxidase,Glucose Oxidase,independent separated,13.0,NS,105,x57_separated_d13.0_ns_a105,First pass,-1.217295808768995,0.5309139338842215,0.5309139338842215,0.8026205937590021,5,5,0.7695868560827741,0.0455144097210093
800a5ee6_catalase,800a5ee6,x57,57,Catalase + Peroxidase,Catalase,Peroxidase,independent separated,13.0,NS,105,x57_separated_d13.0_ns_a105,First pass,0.7950717952928699,1.3643638977391674,1.3643638977391674,2.449328131681341,5,5,0.7684131655527409,0.0387284543338939
800a5ee6_peroxidase,800a5ee6,x57,57,Catalase + Peroxidase,Peroxidase,Catalase,independent separated,13.0,NS,105,x57_separated_d13.0_ns_a105,First pass,0.3458347985038017,1.8438941864828848,1.8438941864828848,1.8438941864828848,5,5,0.7684131655527409,0.0387284543338939
8bd9eb2b_catalase,8bd9eb2b,x57,57,Catalase + Oxidase,Catalase,Oxidase,independent separated,13.0,NS,105,x57_separated_d13.0_ns_a105,First pass,0.7954041775135465,0.3236594276918367,-0.1217416939716713,0.4454011216635081,5,5,0.7659347915988732,0.0253217251348609
8bd9eb2b_oxidase,8bd9eb2b,x57,57,Catalase + Oxidase,Oxidase,Catalase,independent separated,13.0,NS,105,x57_separated_d13.0_ns_a105,First pass,-0.9062498933994902,0.0,-2.4841295441915463,2.4841295441915463,5,5,0.7659347915988732,0.0253217251348609
923d957d_glutathione_peroxidase,923d957d,x57,57,Glutathione Peroxidase + Peroxidase,Glutathione Peroxidase,Peroxidase,independent separated,13.0,NS,105,x57_separated_d13.0_ns_a105,GFN2 deep,2.7139220891208424,2.5444703521570773,-1.395009682244563,3.93948003440164,5,5,0.7608068068273703,0.0483567004558579
923d957d_peroxidase,923d957d,x57,57,Glutathione Peroxidase + Peroxidase,Peroxidase,Glutathione Peroxidase,independent separated,13.0,NS,105,x57_separated_d13.0_ns_a105,First pass,0.8101979784651121,0.0,-1.3778726784162243,1.3778726784162243,5,5,0.7608068068273703,0.0483567004558579
943889b8_catalase,943889b8,x57,57,Catalase + Peroxidase,Catalase,Peroxidase,independent separated,13.0,NS,105,x57_separated_d13.0_ns_a105,First pass,0.795404177512637,0.3236594317108938,-0.1217197949249566,0.4453792266358505,5,5,0.7659347915988732,0.0253217251348609
943889b8_peroxidase,943889b8,x57,57,Catalase + Peroxidase,Peroxidase,Catalase,independent separated,13.0,NS,105,x57_separated_d13.0_ns_a105,First pass,0.8081370067520766,0.0,-1.407564647640811,1.407564647640811,5,5,0.7659347915988732,0.0253217251348609
a5876604_oxidase,a5876604,x57,57,Oxidase + Peroxidase,Oxidase,Peroxidase,independent separated,13.0,NS,105,x57_separated_d13.0_ns_a105,First pass,-0.573108843785576,0.0,-0.0314306567011044,0.287731377095497,5,5,0.7608068068273703,0.0483567004558579
a5876604_peroxidase,a5876604,x57,57,Oxidase + Peroxidase,Peroxidase,Oxidase,independent separated,13.0,NS,105,x57_separated_d13.0_ns_a105,First pass,0.8101979784637479,0.0,-1.3778485002117122,1.3778485002117122,5,5,0.7608068068273703,0.0483567004558579
a9f7bf53_glutathione_peroxidase,a9f7bf53,x57,57,Glutathione Peroxidase + Peroxidase,Glutathione Peroxidase,Peroxidase,independent separated,13.0,NS,105,x57_separated_d13.0_ns_a105,GFN2 deep,2.7134558622460645,0.528679237666438,-0.6126128796904595,2.890812725701835,5,5,0.7632115099227603,0.0390234039331096
a9f7bf53_peroxidase,a9f7bf53,x57,57,Glutathione Peroxidase + Peroxidase,Peroxidase,Glutathione Peroxidase,independent separated,13.0,NS,105,x57_separated_d13.0_ns_a105,First pass,0.3459904193732654,1.840191336973476,1.840191336973476,1.840191336973476,5,5,0.7632115099227603,0.0390234039331096
b9ee7011_glutathione_peroxidase,b9ee7011,x57,57,Glutathione Peroxidase + Oxidase,Glutathione Peroxidase,Oxidase,independent separated,13.0,NS,105,x57_separated_d13.0_ns_a105,GFN2 deep,2.7134558622460645,0.5290261803866088,-0.5902372917034882,2.8692829907849955,5,5,0.7632115099227603,0.0390234039331096
b9ee7011_oxidase,b9ee7011,x57,57,Glutathione Peroxidase + Oxidase,Oxidase,Glutathione Peroxidase,independent separated,13.0,NS,105,x57_separated_d13.0_ns_a105,First pass,-1.217244518626103,0.5300358073909592,0.5300358073909592,0.7973844097109577,5,5,0.7632115099227603,0.0390234039331096
bf72d0e8_glucose_oxidase,bf72d0e8,x57,57,Glucose Oxidase + Oxidase,Glucose Oxidase,Oxidase,independent separated,13.0,NS,105,x57_separated_d13.0_ns_a105,First pass,-0.3463260641021861,1.8095952929534176,-1.2714790189011185,3.914658789267378,5,5,0.7676261857102435,0.0426801136596372
bf72d0e8_oxidase,bf72d0e8,x57,57,Glucose Oxidase + Oxidase,Oxidase,Glucose Oxidase,independent separated,13.0,NS,105,x57_separated_d13.0_ns_a105,First pass,-0.9054292913906464,0.0,-1.75978596610139,1.75978596610139,5,5,0.7676261857102435,0.0426801136596372
c86619b2_glucose_oxidase,c86619b2,x57,57,Glucose Oxidase + Peroxidase,Glucose Oxidase,Peroxidase,independent separated,13.0,NS,105,x57_separated_d13.0_ns_a105,GFN2 deep,0.0013793754694688,1.1119840724541064,-4.571165644885241,5.683149717339347,5,5,0.7726876143155694,0.0310589261254689
c86619b2_peroxidase,c86619b2,x57,57,Glucose Oxidase + Peroxidase,Peroxidase,Glucose Oxidase,independent separated,13.0,NS,105,x57_separated_d13.0_ns_a105,First pass,0.8089136166504431,0.0,-1.3152718396381715,1.3152718396381715,5,5,0.7726876143155694,0.0310589261254689
c8e4178b_glutathione_peroxidase,c8e4178b,x57,57,Glutathione Peroxidase + Oxidase,Glutathione Peroxidase,Oxidase,independent separated,13.0,NS,105,x57_separated_d13.0_ns_a105,GFN2 deep,2.7447641676899366,6.268377611278993,6.268377611278993,8.340081212440055,5,5,0.7618716387858977,0.0438336995485077
c8e4178b_oxidase,c8e4178b,x57,57,Glutathione Peroxidase + Oxidase,Oxidase,Glutathione Peroxidase,independent separated,13.0,NS,105,x57_separated_d13.0_ns_a105,First pass,-0.9036336653193756,0.0,-1.7638974678270642,1.7638974678270642,5,5,0.7618716387858977,0.0438336995485077
ccdababb_glucose_oxidase,ccdababb,x57,57,Glucose Oxidase + Glutathione Peroxidase,Glucose Oxidase,Glutathione Peroxidase,independent separated,13.0,NS,105,x57_separated_d13.0_ns_a105,First pass,-0.3403104977230669,0.0,-1.7180146111218164,2.2565423455043856,5,5,0.7690812304364244,0.0478204130729478
ccdababb_glutathione_peroxidase,ccdababb,x57,57,Glucose Oxidase + Glutathione Peroxidase,Glutathione Peroxidase,Glucose Oxidase,independent separated,13.0,NS,105,x57_separated_d13.0_ns_a105,GFN2 deep,1.918515034424672,0.0,-1.4387672780576397,1.65097396112742,5,5,0.7690812304364244,0.0478204130729478
dfc95401_glutathione_peroxidase,dfc95401,x57,57,Glutathione Peroxidase + Peroxidase,Glutathione Peroxidase,Peroxidase,independent separated,13.0,NS,105,x57_separated_d13.0_ns_a105,GFN2 deep,2.744764167689482,6.273007648630482,6.273007648630482,8.344713820543802,5,5,0.7618716387858977,0.0438336995485077
dfc95401_peroxidase,dfc95401,x57,57,Glutathione Peroxidase + Peroxidase,Peroxidase,Glutathione Peroxidase,independent separated,13.0,NS,105,x57_separated_d13.0_ns_a105,First pass,0.8110347619658569,0.0,-1.3789090226910048,1.3789090226910048,5,5,0.7618716387858977,0.0438336995485077
f05535a0_glucose_oxidase,f05535a0,x57,57,Glucose Oxidase + Glutathione Peroxidase,Glucose Oxidase,Glutathione Peroxidase,independent separated,13.0,NS,105,x57_separated_d13.0_ns_a105,GFN2 extended,0.0150894308483202,1.11025825179604,-4.57923403955192,5.68949229134796,5,5,0.7741380957515274,0.0484582316642808
f05535a0_glutathione_peroxidase,f05535a0,x57,57,Glucose Oxidase + Glutathione Peroxidase,Glutathione Peroxidase,Glucose Oxidase,independent separated,13.0,NS,105,x57_separated_d13.0_ns_a105,GFN2 extended,1.9184324162060875,0.0,-2.2453908275556387,2.2453908275556387,5,5,0.7741380957515274,0.0484582316642808
f7f45691_catalase,f7f45691,x57,57,Catalase + Glutathione Peroxidase,Catalase,Glutathione Peroxidase,independent separated,13.0,NS,105,x57_separated_d13.0_ns_a105,First pass,0.7974956939499407,1.3728088416287392,1.3728088416287392,2.449266904219712,5,5,0.7677898002515564,0.0479004479386816
f7f45691_glutathione_peroxidase,f7f45691,x57,57,Catalase + Glutathione Peroxidase,Glutathione Peroxidase,Catalase,independent separated,13.0,NS,105,x57_separated_d13.0_ns_a105,GFN1 extended,2.0213213687079588,0.0,-2.1900377453330293,2.1900377453330293,5,5,0.7677898002515564,0.0479004479386816
fac043ca_oxidase,fac043ca,x57,57,Oxidase + Peroxidase,Oxidase,Peroxidase,independent separated,13.0,NS,105,x57_separated_d13.0_ns_a105,First pass,-0.5731289500936327,0.0,-0.0441379930221046,0.2672312484855865,5,5,0.7632115099227603,0.0390234039331096
fac043ca_peroxidase,fac043ca,x57,57,Oxidase + Peroxidase,Peroxidase,Oxidase,independent separated,13.0,NS,105,x57_separated_d13.0_ns_a105,First pass,0.3459904193732654,1.840195166378635,1.840195166378635,1.840195166378635,5,5,0.7632115099227603,0.0390234039331096
fda8de88_glucose_oxidase,fda8de88,x57,57,Glucose Oxidase + Oxidase,Glucose Oxidase,Oxidase,independent separated,13.0,NS,105,x57_separated_d13.0_ns_a105,GFN2 deep,0.0013793754662856,1.111984071767438,-4.571166599504068,5.683150671271505,5,5,0.7726876143155694,0.0310589261254689
fda8de88_oxidase,fda8de88,x57,57,Glucose Oxidase + Oxidase,Oxidase,Glucose Oxidase,independent separated,13.0,NS,105,x57_separated_d13.0_ns_a105,First pass,-0.905515673584432,0.0,-1.7616432279269247,1.7616432279269247,5,5,0.7726876143155694,0.0310589261254689
41ea9b1a_glutathione_peroxidase,41ea9b1a,x65,65,Glutathione Peroxidase + Peroxidase,Glutathione Peroxidase,Peroxidase,independent separated,13.0,NS,45,x65_separated_d13.0_ns_a45,GFN2 deep,1.977089531722413,3.1234513582812724,1.6599067615388776,3.617322870132739,5,5,0.7266343337096387,0.0492664134402465
41ea9b1a_peroxidase,41ea9b1a,x65,65,Glutathione Peroxidase + Peroxidase,Peroxidase,Glutathione Peroxidase,independent separated,13.0,NS,45,x65_separated_d13.0_ns_a45,First pass,0.7338694234395007,0.5760239882965834,-3.3557770199022343,3.9318010081988177,5,5,0.7266343337096387,0.0492664134402465
e2df0fd2_glutathione_peroxidase,e2df0fd2,x65,65,Glutathione Peroxidase + Oxidase,Glutathione Peroxidase,Oxidase,independent separated,13.0,NS,45,x65_separated_d13.0_ns_a45,GFN2 deep,1.9770895317233224,3.1003324244147734,1.909106488546968,3.59258682077234,5,5,0.7266343337096387,0.0492664134402465
e2df0fd2_oxidase,e2df0fd2,x65,65,Glutathione Peroxidase + Oxidase,Oxidase,Glutathione Peroxidase,independent separated,13.0,NS,45,x65_separated_d13.0_ns_a45,GFN2 deep,-0.7598463572430774,0.0,-1.3358412619704725,1.4427546659426298,5,5,0.7266343337096387,0.0492664134402465
0da00df8_glucose_oxidase,0da00df8,x81,81,Glucose Oxidase + Glutathione Peroxidase,Glucose Oxidase,Glutathione Peroxidase,independent separated,13.0,NS,75,x81_separated_d13.0_ns_a75,GFN2 deep,-0.09517054316143,0.021823244018833,-0.4506493151529867,1.9427031608001928,5,5,0.7702526600943473,0.0451732091218029
0da00df8_glutathione_peroxidase,0da00df8,x81,81,Glucose Oxidase + Glutathione Peroxidase,Glutathione Peroxidase,Glucose Oxidase,independent separated,13.0,NS,75,x81_separated_d13.0_ns_a75,GFN2 deep,1.7837310195823193,4.127264198214107,2.4163144412304973,4.377144365304957,5,5,0.7702526600943473,0.0451732091218029
12f8e209_catalase,12f8e209,x81,81,Catalase + Glutathione Peroxidase,Catalase,Glutathione Peroxidase,independent separated,13.0,NS,75,x81_separated_d13.0_ns_a75,First pass,1.2609819735337169,2.5506633980112383,2.5506633980112383,2.5506633980112383,5,5,0.7690774546335157,0.049681428230567
12f8e209_glutathione_peroxidase,12f8e209,x81,81,Catalase + Glutathione Peroxidase,Glutathione Peroxidase,Catalase,independent separated,13.0,NS,75,x81_separated_d13.0_ns_a75,GFN2 deep,1.2519155384325131,0.0,-2.0190691959842297,4.994351882345654,5,5,0.7690774546335157,0.049681428230567
14da43b0_catalase,14da43b0,x81,81,Catalase + Glucose Oxidase,Catalase,Glucose Oxidase,independent separated,13.0,NS,75,x81_separated_d13.0_ns_a75,First pass,1.260744070094688,2.531405658776748,2.531405658776748,2.531405658776748,5,5,0.7766638017287193,0.0498501218226645
14da43b0_glucose_oxidase,14da43b0,x81,81,Catalase + Glucose Oxidase,Glucose Oxidase,Catalase,independent separated,13.0,NS,75,x81_separated_d13.0_ns_a75,GFN2 deep,-0.0909223888741053,0.4130453634693367,-1.7648789879563085,2.844301746772089,5,5,0.7766638017287193,0.0498501218226645
1627eeaf_glucose_oxidase,1627eeaf,x81,81,Glucose Oxidase + Glutathione Peroxidase,Glucose Oxidase,Glutathione Peroxidase,independent separated,13.0,NS,75,x81_separated_d13.0_ns_a75,GFN2 deep,0.3469990866990429,0.0,-2.1285603918986453,2.9314969583338097,5,5,0.7759146309607963,0.0453180654648987
1627eeaf_glutathione_peroxidase,1627eeaf,x81,81,Glucose Oxidase + Glutathione Peroxidase,Glutathione Peroxidase,Glucose Oxidase,independent separated,13.0,NS,75,x81_separated_d13.0_ns_a75,GFN2 deep,1.7848598359228165,0.7254870578135524,-0.5188232561768018,1.942620976420585,5,5,0.7759146309607963,0.0453180654648987
16b9004c_glucose_oxidase,16b9004c,x81,81,Glucose Oxidase + Oxidase,Glucose Oxidase,Oxidase,independent separated,13.0,NS,75,x81_separated_d13.0_ns_a75,GFN2 deep,0.3435432607186612,0.9280659822265988,-2.5810224505394217,3.695419360546112,5,5,0.7749127775495852,0.0403407219248824
16b9004c_oxidase,16b9004c,x81,81,Glucose Oxidase + Oxidase,Oxidase,Glucose Oxidase,independent separated,13.0,NS,75,x81_separated_d13.0_ns_a75,First pass,-0.3821994594873104,0.0,-3.400755216304333,3.731105740269413,5,5,0.7749127775495852,0.0403407219248824
28418c62_glucose_oxidase,28418c62,x81,81,Glucose Oxidase + Glutathione Peroxidase,Glucose Oxidase,Glutathione Peroxidase,independent separated,13.0,NS,75,x81_separated_d13.0_ns_a75,GFN2 deep,0.3435432607186612,0.0,-2.083730942659713,2.944451521566407,5,5,0.7749127775495852,0.0403407219248824
28418c62_glutathione_peroxidase,28418c62,x81,81,Glucose Oxidase + Glutathione Peroxidase,Glutathione Peroxidase,Glucose Oxidase,independent separated,13.0,NS,75,x81_separated_d13.0_ns_a75,GFN2 deep,1.2504653427963603,0.0,-4.608598792516204,5.718398248990525,5,5,0.7749127775495852,0.0403407219248824
2b9a2411_glutathione_peroxidase,2b9a2411,x81,81,Glutathione Peroxidase + Peroxidase,Glutathione Peroxidase,Peroxidase,independent separated,13.0,NS,75,x81_separated_d13.0_ns_a75,GFN1 extended,2.186503686344622,1.537998816774234,1.537998816774234,2.841558867513413,5,5,0.7637667729725313,0.0486460535658956
2b9a2411_peroxidase,2b9a2411,x81,81,Glutathione Peroxidase + Peroxidase,Peroxidase,Glutathione Peroxidase,independent separated,13.0,NS,75,x81_separated_d13.0_ns_a75,GFN2 deep,0.2656015602101433,1.1315359843374608,-2.906539779085506,4.038075763422967,5,5,0.7637667729725313,0.0486460535658956
3090753d_glutathione_peroxidase,3090753d,x81,81,Glutathione Peroxidase + Peroxidase,Glutathione Peroxidase,Peroxidase,independent separated,13.0,NS,75,x81_separated_d13.0_ns_a75,GFN1 extended,2.0141441577943624,1.3904570355553003,0.8624135462205231,1.4486263279250124,5,5,0.7639120153632333,0.0392124027384671
3090753d_peroxidase,3090753d,x81,81,Glutathione Peroxidase + Peroxidase,Peroxidase,Glutathione Peroxidase,independent separated,13.0,NS,75,x81_separated_d13.0_ns_a75,First pass,0.9415518900182178,0.0,-4.726803830407334,4.726803830407334,5,5,0.7639120153632333,0.0392124027384671
3a71ed17_glucose_oxidase,3a71ed17,x81,81,Glucose Oxidase + Peroxidase,Glucose Oxidase,Peroxidase,independent separated,13.0,NS,75,x81_separated_d13.0_ns_a75,First pass,-0.0759343134070604,0.3719361990470133,0.3719361990470133,2.5623490407615463,5,5,0.769251122091527,0.0496986009767073
3a71ed17_peroxidase,3a71ed17,x81,81,Glucose Oxidase + Peroxidase,Peroxidase,Glucose Oxidase,independent separated,13.0,NS,75,x81_separated_d13.0_ns_a75,First pass,0.9400362599212712,0.0,-4.732576261229951,4.732576261229951,5,5,0.769251122091527,0.0496986009767073
3d0842b0_glucose_oxidase,3d0842b0,x81,81,Glucose Oxidase + Peroxidase,Glucose Oxidase,Peroxidase,independent separated,13.0,NS,75,x81_separated_d13.0_ns_a75,GFN2 deep,0.3435432607163875,0.0,-2.0595631042256173,2.9429954084735077,5,5,0.7749127775495852,0.0403407219248824
3d0842b0_peroxidase,3d0842b0,x81,81,Glucose Oxidase + Peroxidase,Peroxidase,Glucose Oxidase,independent separated,13.0,NS,75,x81_separated_d13.0_ns_a75,First pass,0.9406779747823748,0.0,-4.73382971419187,4.73382971419187,5,5,0.7749127775495852,0.0403407219248824
500dcc9a_glutathione_peroxidase,500dcc9a,x81,81,Glutathione Peroxidase + Oxidase,Glutathione Peroxidase,Oxidase,independent separated,13.0,NS,75,x81_separated_d13.0_ns_a75,GFN2 deep,1.8816231141249773,2.975951793546301,2.975951793546301,4.127655241098182,5,5,0.7634359142388472,0.0497450287861546
500dcc9a_oxidase,500dcc9a,x81,81,Glutathione Peroxidase + Oxidase,Oxidase,Glutathione Peroxidase,independent separated,13.0,NS,75,x81_separated_d13.0_ns_a75,First pass,-0.3808257863865947,0.0,-3.4195882211506614,3.742766169754304,5,5,0.7634359142388472,0.0497450287861546
5c800c3f_glutathione_peroxidase,5c800c3f,x81,81,Glutathione Peroxidase + Peroxidase,Glutathione Peroxidase,Peroxidase,independent separated,13.0,NS,75,x81_separated_d13.0_ns_a75,GFN2 deep,1.9278904485759083,3.675387710205541,0.9230737073203272,3.8179740173036407,5,5,0.7641952426554254,0.0443565463594083
5c800c3f_peroxidase,5c800c3f,x81,81,Glutathione Peroxidase + Peroxidase,Peroxidase,Glutathione Peroxidase,independent separated,13.0,NS,75,x81_separated_d13.0_ns_a75,GFN2 deep,0.2638292477863615,1.1338171513016275,-2.8995312224537884,4.033348373755416,5,5,0.7641952426554254,0.0443565463594083
69363cfc_catalase,69363cfc,x81,81,Catalase + Peroxidase,Catalase,Peroxidase,independent separated,13.0,NS,75,x81_separated_d13.0_ns_a75,First pass,1.260385040378651,2.525978423460401,2.525978423460401,2.525978423460401,5,5,0.7690542116744179,0.0387148067836487
69363cfc_peroxidase,69363cfc,x81,81,Catalase + Peroxidase,Peroxidase,Catalase,independent separated,13.0,NS,75,x81_separated_d13.0_ns_a75,GFN2 deep,0.2655303116389405,1.1311483026097449,-2.906219889165641,4.037368191775386,5,5,0.7690542116744179,0.0387148067836487
6e9c3cb1_oxidase,6e9c3cb1,x81,81,Oxidase + Peroxidase,Oxidase,Peroxidase,independent separated,13.0,NS,75,x81_separated_d13.0_ns_a75,First pass,-0.8429324673074916,0.429129454188569,0.429129454188569,0.73719833100904,5,5,0.7637667729725313,0.0486460535658956
6e9c3cb1_peroxidase,6e9c3cb1,x81,81,Oxidase + Peroxidase,Peroxidase,Oxidase,independent separated,13.0,NS,75,x81_separated_d13.0_ns_a75,First pass,0.2656015602105981,0.8083913385580672,-1.8926081405229525,2.70099947908102,5,5,0.7637667729725313,0.0486460535658956
7e2ac79d_oxidase,7e2ac79d,x81,81,Oxidase + Peroxidase,Oxidase,Peroxidase,independent separated,13.0,NS,75,x81_separated_d13.0_ns_a75,First pass,-0.8430455283105402,0.4085961949026568,0.4085961949026568,0.7423416096621622,5,5,0.7634359142388472,0.0497450287861546
7e2ac79d_peroxidase,7e2ac79d,x81,81,Oxidase + Peroxidase,Peroxidase,Oxidase,independent separated,13.0,NS,75,x81_separated_d13.0_ns_a75,First pass,0.9433980214380426,0.0,-4.7294559633860445,4.7294559633860445,5,5,0.7634359142388472,0.0497450287861546
857368fa_oxidase,857368fa,x81,81,Oxidase + Peroxidase,Oxidase,Peroxidase,independent separated,13.0,NS,75,x81_separated_d13.0_ns_a75,GFN2 deep,-1.284737854105515,0.0,-0.9302007661658536,1.2139794550948864,5,5,0.7650262739638519,0.0457985069050329
857368fa_peroxidase,857368fa,x81,81,Oxidase + Peroxidase,Peroxidase,Oxidase,independent separated,13.0,NS,75,x81_separated_d13.0_ns_a75,First pass,0.9414589923680978,0.0,-4.733061113489839,4.733061113489839,5,5,0.7650262739638519,0.0457985069050329
89f6b696_glucose_oxidase,89f6b696,x81,81,Glucose Oxidase + Oxidase,Glucose Oxidase,Oxidase,independent separated,13.0,NS,75,x81_separated_d13.0_ns_a75,GFN2 deep,0.3229150772688172,0.0,-2.133409906587076,2.927929982360183,5,5,0.7749791981106524,0.0284339402505746
89f6b696_oxidase,89f6b696,x81,81,Glucose Oxidase + Oxidase,Oxidase,Glucose Oxidase,independent separated,13.0,NS,75,x81_separated_d13.0_ns_a75,First pass,-0.7820008663006774,0.5560783678461121,0.5560783678461121,0.8366629675015247,5,5,0.7749791981106524,0.0284339402505746
90f59ed8_catalase,90f59ed8,x81,81,Catalase + Glucose Oxidase,Catalase,Glucose Oxidase,independent separated,13.0,NS,75,x81_separated_d13.0_ns_a75,First pass,1.2611083042772862,2.523365427023691,2.523365427023691,2.523365427023691,5,5,0.7915290462996825,0.0485304754869852
90f59ed8_glucose_oxidase,90f59ed8,x81,81,Catalase + Glucose Oxidase,Glucose Oxidase,Catalase,independent separated,13.0,NS,75,x81_separated_d13.0_ns_a75,GFN1 SCF fallback,0.3830079891690729,0.0,-4.755602287090369,5.936590126670126,5,5,0.7915290462996825,0.0485304754869852
9843432e_glutathione_peroxidase,9843432e,x81,81,Glutathione Peroxidase + Oxidase,Glutathione Peroxidase,Oxidase,independent separated,13.0,NS,75,x81_separated_d13.0_ns_a75,GFN2 deep,1.9256691192258584,4.566944717205843,2.658823121269961,5.336377957130026,5,5,0.7639120153632333,0.0392124027384671
9843432e_oxidase,9843432e,x81,81,Glutathione Peroxidase + Oxidase,Oxidase,Glutathione Peroxidase,independent separated,13.0,NS,75,x81_separated_d13.0_ns_a75,First pass,-0.3818285419511085,0.0,-3.394397994294195,3.725164231508188,5,5,0.7639120153632333,0.0392124027384671
b747c30a_glucose_oxidase,b747c30a,x81,81,Glucose Oxidase + Glutathione Peroxidase,Glucose Oxidase,Glutathione Peroxidase,independent separated,13.0,NS,75,x81_separated_d13.0_ns_a75,GFN2 deep,-0.0759343134061509,0.0,-0.3154113222094565,1.8394200853454092,5,5,0.769251122091527,0.0496986009767073
b747c30a_glutathione_peroxidase,b747c30a,x81,81,Glucose Oxidase + Glutathione Peroxidase,Glutathione Peroxidase,Glucose Oxidase,independent separated,13.0,NS,75,x81_separated_d13.0_ns_a75,GFN2 deep,1.2497429645354714,0.0,-2.9027834599219204,3.904509211252844,5,5,0.769251122091527,0.0496986009767073
bb8e562b_catalase,bb8e562b,x81,81,Catalase + Oxidase,Catalase,Oxidase,independent separated,13.0,NS,75,x81_separated_d13.0_ns_a75,First pass,1.2609819735328074,2.5506634086546,2.5506634086546,2.5506634086546,5,5,0.7690774546335157,0.049681428230567
bb8e562b_oxidase,bb8e562b,x81,81,Catalase + Oxidase,Oxidase,Catalase,independent separated,13.0,NS,75,x81_separated_d13.0_ns_a75,First pass,-0.3816261908282286,0.0,-3.3954691634030496,3.726832083945282,5,5,0.7690774546335157,0.049681428230567
be9451f8_glucose_oxidase,be9451f8,x81,81,Glucose Oxidase + Peroxidase,Glucose Oxidase,Peroxidase,independent separated,13.0,NS,75,x81_separated_d13.0_ns_a75,GFN2 deep,-0.1236731612887069,0.0254756038775667,-0.453131888585176,1.926343357506994,5,5,0.7689525428337999,0.0421565078069852
be9451f8_peroxidase,be9451f8,x81,81,Glucose Oxidase + Peroxidase,Peroxidase,Glucose Oxidase,independent separated,13.0,NS,75,x81_separated_d13.0_ns_a75,GFN2 deep,0.2650180474188346,1.1316636978049246,-2.9041093974306023,4.035773095235527,5,5,0.7689525428337999,0.0421565078069852
c2e06ea5_catalase,c2e06ea5,x81,81,Catalase + Peroxidase,Catalase,Peroxidase,independent separated,13.0,NS,75,x81_separated_d13.0_ns_a75,First pass,1.2609819735328074,2.55066328828525,2.55066328828525,2.55066328828525,5,5,0.7690774546335157,0.049681428230567
c2e06ea5_peroxidase,c2e06ea5,x81,81,Catalase + Peroxidase,Peroxidase,Catalase,independent separated,13.0,NS,75,x81_separated_d13.0_ns_a75,GFN2 deep,0.9417529278030088,0.0,-4.761161642694333,4.761161642694333,5,5,0.7690774546335157,0.049681428230567
c462dc2f_glutathione_peroxidase,c462dc2f,x81,81,Glutathione Peroxidase + Oxidase,Glutathione Peroxidase,Oxidase,independent separated,13.0,NS,75,x81_separated_d13.0_ns_a75,GFN1 SCF fallback,2.18650368634826,4.434774351254418,1.8454685609021908,4.434774351254418,5,5,0.7637667729725313,0.0486460535658956
c462dc2f_oxidase,c462dc2f,x81,81,Glutathione Peroxidase + Oxidase,Oxidase,Glutathione Peroxidase,independent separated,13.0,NS,75,x81_separated_d13.0_ns_a75,First pass,-0.7815190994770091,0.0,-0.1602134175259379,0.530929191172163,5,5,0.7637667729725313,0.0486460535658956
c6a40341_glucose_oxidase,c6a40341,x81,81,Glucose Oxidase + Oxidase,Glucose Oxidase,Oxidase,independent separated,13.0,NS,75,x81_separated_d13.0_ns_a75,First pass,-0.0759343134075152,0.0,-0.4355382855569587,2.1949192569072693,5,5,0.769251122091527,0.0496986009767073
c6a40341_oxidase,c6a40341,x81,81,Glucose Oxidase + Oxidase,Oxidase,Glucose Oxidase,independent separated,13.0,NS,75,x81_separated_d13.0_ns_a75,First pass,-0.3825420900652716,0.0,-3.3767568601251696,3.710314093848865,5,5,0.769251122091527,0.0496986009767073
d15b087a_glutathione_peroxidase,d15b087a,x81,81,Glutathione Peroxidase + Oxidase,Glutathione Peroxidase,Oxidase,independent separated,13.0,NS,75,x81_separated_d13.0_ns_a75,GFN2 deep,1.9278904485777275,4.4743208033141855,2.141481284585097,4.563942951624995,5,5,0.7641952426554254,0.0443565463594083
d15b087a_oxidase,d15b087a,x81,81,Glutathione Peroxidase + Oxidase,Oxidase,Glutathione Peroxidase,independent separated,13.0,NS,75,x81_separated_d13.0_ns_a75,First pass,-0.7816771208695172,0.0,-0.1701296920373352,0.5396602043315397,5,5,0.7641952426554254,0.0443565463594083
d81cfa42_oxidase,d81cfa42,x81,81,Oxidase + Peroxidase,Oxidase,Peroxidase,independent separated,13.0,NS,75,x81_separated_d13.0_ns_a75,First pass,-1.2846777386303074,0.0,-1.1292136307138207,1.4262272955193112,5,5,0.7643753592740308,0.0478102105622102
d81cfa42_peroxidase,d81cfa42,x81,81,Oxidase + Peroxidase,Peroxidase,Oxidase,independent separated,13.0,NS,75,x81_separated_d13.0_ns_a75,GFN2 deep,0.263041979791069,1.1373680852389043,-2.895389071787122,4.032757157026026,5,5,0.7643753592740308,0.0478102105622102
e572916b_glucose_oxidase,e572916b,x81,81,Glucose Oxidase + Peroxidase,Glucose Oxidase,Peroxidase,independent separated,13.0,NS,75,x81_separated_d13.0_ns_a75,GFN2 deep,0.3229150772669982,0.0,-2.11486876365052,2.927340264605391,5,5,0.7749791981106524,0.0284339402505746
e572916b_peroxidase,e572916b,x81,81,Glucose Oxidase + Peroxidase,Peroxidase,Glucose Oxidase,independent separated,13.0,NS,75,x81_separated_d13.0_ns_a75,GFN2 deep,0.2636476618235974,1.136388365545827,-2.8947986429375305,4.031187008483357,5,5,0.7749791981106524,0.0284339402505746
e6650af1_catalase,e6650af1,x81,81,Catalase + Glutathione Peroxidase,Catalase,Glutathione Peroxidase,independent separated,13.0,NS,75,x81_separated_d13.0_ns_a75,First pass,1.261255237064006,2.5299060115085013,2.5299060115085013,2.5299060115085013,5,5,0.7704636814974029,0.0481189856776892
e6650af1_glutathione_peroxidase,e6650af1,x81,81,Catalase + Glutathione Peroxidase,Glutathione Peroxidase,Catalase,independent separated,13.0,NS,75,x81_separated_d13.0_ns_a75,GFN2 deep,1.7853323914514476,4.114828645129819,2.3997881787518054,4.389677314161418,5,5,0.7704636814974029,0.0481189856776892
e98a6f21_glucose_oxidase,e98a6f21,x81,81,Glucose Oxidase + Oxidase,Glucose Oxidase,Oxidase,independent separated,13.0,NS,75,x81_separated_d13.0_ns_a75,GFN2 deep,-0.1236731612896164,0.0228028211099626,-0.4546643857224808,1.93851339097364,5,5,0.7689525428337999,0.0421565078069852
e98a6f21_oxidase,e98a6f21,x81,81,Glucose Oxidase + Oxidase,Oxidase,Glucose Oxidase,independent separated,13.0,NS,75,x81_separated_d13.0_ns_a75,First pass,-0.7815976715687611,0.0,-0.1745120339469394,0.5431533208775363,5,5,0.7689525428337999,0.0421565078069852
f27c9bfe_glutathione_peroxidase,f27c9bfe,x81,81,Glutathione Peroxidase + Peroxidase,Glutathione Peroxidase,Peroxidase,independent separated,13.0,NS,75,x81_separated_d13.0_ns_a75,GFN2 deep,1.8816231141267965,2.261082810269727,-1.077439766830139,5.433450862022255,5,5,0.7634359142388472,0.0497450287861546
f27c9bfe_peroxidase,f27c9bfe,x81,81,Glutathione Peroxidase + Peroxidase,Peroxidase,Glutathione Peroxidase,independent separated,13.0,NS,75,x81_separated_d13.0_ns_a75,GFN2 deep,0.9433980214394068,0.0,-4.762784302602995,4.762784302602995,5,5,0.7634359142388472,0.0497450287861546
fdfd6860_catalase,fdfd6860,x81,81,Catalase + Oxidase,Catalase,Oxidase,independent separated,13.0,NS,75,x81_separated_d13.0_ns_a75,First pass,1.2603850403795605,2.5259784222553208,2.5259784222553208,2.5259784222553208,5,5,0.7690542116744179,0.0387148067836487
fdfd6860_oxidase,fdfd6860,x81,81,Catalase + Oxidase,Oxidase,Catalase,independent separated,13.0,NS,75,x81_separated_d13.0_ns_a75,First pass,-0.7816528957137052,0.0,-0.1500881401411788,0.5219622225772582,5,5,0.7690542116744179,0.0387148067836487
00794632_glucose_oxidase,00794632,x97,97,Glucose Oxidase + Peroxidase,Glucose Oxidase,Peroxidase,independent separated,13.0,NS,105,x97_separated_d13.0_ns_a105,First pass,-0.3463260640999124,1.8095991852264888,-1.2747487688566252,3.91453342576915,5,5,0.7676261857102435,0.0426801136596372
00794632_peroxidase,00794632,x97,97,Glucose Oxidase + Peroxidase,Peroxidase,Glucose Oxidase,independent separated,13.0,NS,105,x97_separated_d13.0_ns_a105,First pass,0.8090207944524082,0.0,-1.37772734538612,1.37772734538612,5,5,0.7676261857102435,0.0426801136596372
022ccd24_glucose_oxidase,022ccd24,x97,97,Glucose Oxidase + Glutathione Peroxidase,Glucose Oxidase,Glutathione Peroxidase,independent separated,13.0,NS,105,x97_separated_d13.0_ns_a105,First pass,-0.3463260641030956,1.8095979518598144,-1.2713143263545137,3.9139851082368295,5,5,0.7676261857102435,0.0426801136596372
022ccd24_glutathione_peroxidase,022ccd24,x97,97,Glucose Oxidase + Glutathione Peroxidase,Glutathione Peroxidase,Glucose Oxidase,independent separated,13.0,NS,105,x97_separated_d13.0_ns_a105,GFN2 deep,1.8485854844357164,1.5920251150546392,1.5920251150546392,3.925648513645683,5,5,0.7676261857102435,0.0426801136596372
12abc2ab_glutathione_peroxidase,12abc2ab,x97,97,Glutathione Peroxidase + Oxidase,Glutathione Peroxidase,Oxidase,independent separated,13.0,NS,105,x97_separated_d13.0_ns_a105,GFN2 deep,2.713922089121752,0.5210196770740367,-0.6015366441752121,2.867572562266105,5,5,0.7608068068273703,0.0483567004558579
12abc2ab_oxidase,12abc2ab,x97,97,Glutathione Peroxidase + Oxidase,Oxidase,Glutathione Peroxidase,independent separated,13.0,NS,105,x97_separated_d13.0_ns_a105,First pass,-0.9042394702128148,0.0,-1.7623398728333086,1.7623398728333086,5,5,0.7608068068273703,0.0483567004558579
15554d92_catalase,15554d92,x97,97,Catalase + Peroxidase,Catalase,Peroxidase,independent separated,13.0,NS,105,x97_separated_d13.0_ns_a105,First pass,0.7954041775140013,0.3236594257086835,-0.1217199261377572,0.4453793518464408,5,5,0.7659347915988732,0.0253217251348609
15554d92_peroxidase,15554d92,x97,97,Catalase + Peroxidase,Peroxidase,Catalase,independent separated,13.0,NS,105,x97_separated_d13.0_ns_a105,First pass,0.8081370067520766,0.0,-1.40756505012223,1.40756505012223,5,5,0.7659347915988732,0.0253217251348609
25b5188e_glucose_oxidase,25b5188e,x97,97,Glucose Oxidase + Peroxidase,Glucose Oxidase,Peroxidase,independent separated,13.0,NS,105,x97_separated_d13.0_ns_a105,GFN2 deep,-0.0291513677145758,1.1552425842396588,-4.572371389700948,5.727613973940606,5,5,0.7755321343862964,0.0476588256651756
25b5188e_peroxidase,25b5188e,x97,97,Glucose Oxidase + Peroxidase,Peroxidase,Glucose Oxidase,independent separated,13.0,NS,105,x97_separated_d13.0_ns_a105,First pass,0.3451509356709721,1.840162620920637,1.840162620920637,1.840162620920637,5,5,0.7755321343862964,0.0476588256651756
40f2a0e8_glucose_oxidase,40f2a0e8,x97,97,Glucose Oxidase + Oxidase,Glucose Oxidase,Oxidase,independent separated,13.0,NS,105,x97_separated_d13.0_ns_a105,GFN2 deep,0.0013793754671951,1.1119840720834873,-4.571166108064972,5.683150180148459,5,5,0.7726876143155694,0.0310589261254689
40f2a0e8_oxidase,40f2a0e8,x97,97,Glucose Oxidase + Oxidase,Oxidase,Glucose Oxidase,independent separated,13.0,NS,105,x97_separated_d13.0_ns_a105,First pass,-0.905515673584432,0.0,-1.7630318972296664,1.7630318972296664,5,5,0.7726876143155694,0.0310589261254689
483b02da_catalase,483b02da,x97,97,Catalase + Oxidase,Catalase,Oxidase,independent separated,13.0,NS,105,x97_separated_d13.0_ns_a105,First pass,0.7950717952915056,1.3643638476919475,1.3643638476919475,2.44932812186471,5,5,0.7684131655527409,0.0387284543338939
483b02da_oxidase,483b02da,x97,97,Catalase + Oxidase,Oxidase,Catalase,independent separated,13.0,NS,105,x97_separated_d13.0_ns_a105,First pass,-1.217244068216587,0.5309004706796259,0.5309004706796259,0.8008277732051283,5,5,0.7684131655527409,0.0387284543338939
48587e0c_glucose_oxidase,48587e0c,x97,97,Glucose Oxidase + Glutathione Peroxidase,Glucose Oxidase,Glutathione Peroxidase,independent separated,13.0,NS,105,x97_separated_d13.0_ns_a105,GFN2 deep,0.0013793754671951,1.1119840716341969,-4.571166877214637,5.683150948848834,5,5,0.7726876143155694,0.0310589261254689
48587e0c_glutathione_peroxidase,48587e0c,x97,97,Glucose Oxidase + Glutathione Peroxidase,Glutathione Peroxidase,Glucose Oxidase,independent separated,13.0,NS,105,x97_separated_d13.0_ns_a105,GFN2 deep,1.84821197006886,1.5965244799899665,1.5965244799899665,3.9629407076481584,5,5,0.7726876143155694,0.0310589261254689
4b1e1178_glutathione_peroxidase,4b1e1178,x97,97,Glutathione Peroxidase + Peroxidase,Glutathione Peroxidase,Peroxidase,independent separated,13.0,NS,105,x97_separated_d13.0_ns_a105,GFN2 deep,2.7447641676885723,2.4128401512243727,0.2553658468377762,4.484510141375722,5,5,0.7618716387858977,0.0438336995485077
4b1e1178_peroxidase,4b1e1178,x97,97,Glutathione Peroxidase + Peroxidase,Peroxidase,Glutathione Peroxidase,independent separated,13.0,NS,105,x97_separated_d13.0_ns_a105,First pass,0.8110347619654021,0.0,-1.4217211600030168,1.4217211600030168,5,5,0.7618716387858977,0.0438336995485077
5435c51d_glucose_oxidase,5435c51d,x97,97,Glucose Oxidase + Glutathione Peroxidase,Glucose Oxidase,Glutathione Peroxidase,independent separated,13.0,NS,105,x97_separated_d13.0_ns_a105,GFN1 extended,0.4952220627551469,0.0,-5.0737688578037705,5.0737688578037705,5,5,0.7741380957515274,0.0484582316642808
5435c51d_glutathione_peroxidase,5435c51d,x97,97,Glucose Oxidase + Glutathione Peroxidase,Glutathione Peroxidase,Glucose Oxidase,independent separated,13.0,NS,105,x97_separated_d13.0_ns_a105,GFN2 deep,1.9184324162056328,0.0,-1.4387455725855034,1.635608275692903,5,5,0.7741380957515274,0.0484582316642808
6351872b_catalase,6351872b,x97,97,Catalase + Glucose Oxidase,Catalase,Glucose Oxidase,independent separated,13.0,NS,105,x97_separated_d13.0_ns_a105,First pass,0.7949588025041976,1.3729907133597408,1.3729907133597408,2.4573290717471536,5,5,0.7762577459457027,0.0498422704378364
6351872b_glucose_oxidase,6351872b,x97,97,Catalase + Glucose Oxidase,Glucose Oxidase,Catalase,independent separated,13.0,NS,105,x97_separated_d13.0_ns_a105,GFN2 deep,1.5956419836950315,0.0,-5.632263770311965,5.632263770311965,5,5,0.7762577459457027,0.0498422704378364
779659da_catalase,779659da,x97,97,Catalase + Peroxidase,Catalase,Peroxidase,independent separated,13.0,NS,105,x97_separated_d13.0_ns_a105,First pass,0.7950717952937794,1.3643640329132722,1.3643640329132722,2.449328160825644,5,5,0.7684131655527409,0.0387284543338939
779659da_peroxidase,779659da,x97,97,Catalase + Peroxidase,Peroxidase,Catalase,independent separated,13.0,NS,105,x97_separated_d13.0_ns_a105,First pass,0.3458347985060754,1.8438350867600093,1.8438350867600093,1.8438350867600093,5,5,0.7684131655527409,0.0387284543338939
80c2eafe_catalase,80c2eafe,x97,97,Catalase + Glucose Oxidase,Catalase,Glucose Oxidase,independent separated,13.0,NS,105,x97_separated_d13.0_ns_a105,First pass,0.7938054135659058,1.375713826136689,1.375713826136689,2.450786566774241,5,5,0.7899004553696476,0.0350959619043756
80c2eafe_glucose_oxidase,80c2eafe,x97,97,Catalase + Glucose Oxidase,Glucose Oxidase,Catalase,independent separated,13.0,NS,105,x97_separated_d13.0_ns_a105,First pass,0.9995427490327984,0.0,-4.295546414879482,5.280598587562508,5,5,0.7899004553696476,0.0350959619043756
8116498d_glucose_oxidase,8116498d,x97,97,Glucose Oxidase + Oxidase,Glucose Oxidase,Oxidase,independent separated,13.0,NS,105,x97_separated_d13.0_ns_a105,GFN2 deep,0.4313484962460734,0.7967774177886895,-5.0223032583858185,5.819080676174508,5,5,0.7695868560827741,0.0455144097210093
8116498d_oxidase,8116498d,x97,97,Glucose Oxidase + Oxidase,Oxidase,Glucose Oxidase,independent separated,13.0,NS,105,x97_separated_d13.0_ns_a105,First pass,-1.2172958087699044,0.5309182988398788,0.5309182988398788,0.8026341127360865,5,5,0.7695868560827741,0.0455144097210093
923d23ca_glutathione_peroxidase,923d23ca,x97,97,Glutathione Peroxidase + Peroxidase,Glutathione Peroxidase,Peroxidase,independent separated,13.0,NS,105,x97_separated_d13.0_ns_a105,GFN2 deep,2.713455862246974,0.5349767214956955,-0.6022384431598766,2.903228187535205,5,5,0.7632115099227603,0.0390234039331096
923d23ca_peroxidase,923d23ca,x97,97,Glutathione Peroxidase + Peroxidase,Peroxidase,Glutathione Peroxidase,independent separated,13.0,NS,105,x97_separated_d13.0_ns_a105,First pass,0.3459904193732654,1.8401896357831904,1.8401896357831904,1.8401896357831904,5,5,0.7632115099227603,0.0390234039331096
92bbfa96_glutathione_peroxidase,92bbfa96,x97,97,Glutathione Peroxidase + Oxidase,Glutathione Peroxidase,Oxidase,independent separated,13.0,NS,105,x97_separated_d13.0_ns_a105,GFN2 deep,2.7134558622465192,0.5286287121507485,-0.5959573787276895,2.8893555173144705,5,5,0.7632115099227603,0.0390234039331096
92bbfa96_oxidase,92bbfa96,x97,97,Glutathione Peroxidase + Oxidase,Oxidase,Glutathione Peroxidase,independent separated,13.0,NS,105,x97_separated_d13.0_ns_a105,First pass,-1.217244518627922,0.5300455375327147,0.5300455375327147,0.7973993571258688,5,5,0.7632115099227603,0.0390234039331096
94dcfd67_glucose_oxidase,94dcfd67,x97,97,Glucose Oxidase + Oxidase,Glucose Oxidase,Oxidase,independent separated,13.0,NS,105,x97_separated_d13.0_ns_a105,First pass,-0.3463260641017314,1.8095986135163,-1.2747571125501054,3.9145475376053582,5,5,0.7676261857102435,0.0426801136596372
94dcfd67_oxidase,94dcfd67,x97,97,Glucose Oxidase + Oxidase,Oxidase,Glucose Oxidase,independent separated,13.0,NS,105,x97_separated_d13.0_ns_a105,First pass,-0.9054292913874632,0.0,-2.482830912069403,2.482830912069403,5,5,0.7676261857102435,0.0426801136596372
a383b8e4_glutathione_peroxidase,a383b8e4,x97,97,Glutathione Peroxidase + Peroxidase,Glutathione Peroxidase,Peroxidase,independent separated,13.0,NS,105,x97_separated_d13.0_ns_a105,GFN2 deep,2.7139220891208424,2.156652122687774,1.649618258141345,2.962583433064537,5,5,0.7608068068273703,0.0483567004558579
a383b8e4_peroxidase,a383b8e4,x97,97,Glutathione Peroxidase + Peroxidase,Peroxidase,Glutathione Peroxidase,independent separated,13.0,NS,105,x97_separated_d13.0_ns_a105,First pass,0.8101979784651121,0.0,-1.3778241538789189,1.3778241538789189,5,5,0.7608068068273703,0.0483567004558579
b03e841e_oxidase,b03e841e,x97,97,Oxidase + Peroxidase,Oxidase,Peroxidase,independent separated,13.0,NS,105,x97_separated_d13.0_ns_a105,First pass,-0.5731088437864855,0.0,-0.0314307070152608,0.2877314416286936,5,5,0.7608068068273703,0.0483567004558579
b03e841e_peroxidase,b03e841e,x97,97,Oxidase + Peroxidase,Peroxidase,Oxidase,independent separated,13.0,NS,105,x97_separated_d13.0_ns_a105,First pass,0.8101979784651121,0.0,-1.3782946921587609,1.3782946921587609,5,5,0.7608068068273703,0.0483567004558579
b3c635a6_glutathione_peroxidase,b3c635a6,x97,97,Glutathione Peroxidase + Oxidase,Glutathione Peroxidase,Oxidase,independent separated,13.0,NS,105,x97_separated_d13.0_ns_a105,GFN2 deep,2.7429919004930525,2.428894720360404,1.982116663160923,4.514132101517134,5,5,0.7639553804448931,0.0418420560274848
b3c635a6_oxidase,b3c635a6,x97,97,Glutathione Peroxidase + Oxidase,Oxidase,Glutathione Peroxidase,independent separated,13.0,NS,105,x97_separated_d13.0_ns_a105,First pass,-1.2173546462040576,0.5288555589049793,0.5288555589049793,0.7988500518508772,5,5,0.7639553804448931,0.0418420560274848
b86cb42a_oxidase,b86cb42a,x97,97,Oxidase + Peroxidase,Oxidase,Peroxidase,independent separated,13.0,NS,105,x97_separated_d13.0_ns_a105,First pass,-1.1202094947825572,0.1322549253841316,-1.070819053043124,1.2030739784272555,5,5,0.7641411237606842,0.0257603205875425
b86cb42a_peroxidase,b86cb42a,x97,97,Oxidase + Peroxidase,Peroxidase,Oxidase,independent separated,13.0,NS,105,x97_separated_d13.0_ns_a105,First pass,0.3462572546955016,1.8377581020527032,1.8377581020527032,1.8377581020527032,5,5,0.7641411237606842,0.0257603205875425
b948358d_glucose_oxidase,b948358d,x97,97,Glucose Oxidase + Peroxidase,Glucose Oxidase,Peroxidase,independent separated,13.0,NS,105,x97_separated_d13.0_ns_a105,GFN2 deep,0.4313484962465281,0.7967774181483946,-5.022313431090424,5.819090849238819,5,5,0.7695868560827741,0.0455144097210093
b948358d_peroxidase,b948358d,x97,97,Glucose Oxidase + Peroxidase,Peroxidase,Glucose Oxidase,independent separated,13.0,NS,105,x97_separated_d13.0_ns_a105,First pass,0.3457575830479982,1.833903887169981,1.833903887169981,1.833903887169981,5,5,0.7695868560827741,0.0455144097210093
ba41df18_glucose_oxidase,ba41df18,x97,97,Glucose Oxidase + Peroxidase,Glucose Oxidase,Peroxidase,independent separated,13.0,NS,105,x97_separated_d13.0_ns_a105,GFN2 deep,0.0013793754690141,1.111984072085761,-4.5711661165505575,5.683150188636319,5,5,0.7726876143155694,0.0310589261254689
ba41df18_peroxidase,ba41df18,x97,97,Glucose Oxidase + Peroxidase,Peroxidase,Glucose Oxidase,independent separated,13.0,NS,105,x97_separated_d13.0_ns_a105,First pass,0.8089136166495337,0.0,-1.3152741488515858,1.3152741488515858,5,5,0.7726876143155694,0.0310589261254689
be3a4d93_oxidase,be3a4d93,x97,97,Oxidase + Peroxidase,Oxidase,Peroxidase,independent separated,13.0,NS,105,x97_separated_d13.0_ns_a105,First pass,-0.5731289500936327,0.0,-0.0441465934000007,0.2672428650294023,5,5,0.7632115099227603,0.0390234039331096
be3a4d93_peroxidase,be3a4d93,x97,97,Oxidase + Peroxidase,Peroxidase,Oxidase,independent separated,13.0,NS,105,x97_separated_d13.0_ns_a105,First pass,0.3459904193746297,1.8402046179494391,1.8402046179494391,1.8402046179494391,5,5,0.7632115099227603,0.0390234039331096
c17409f6_glutathione_peroxidase,c17409f6,x97,97,Glutathione Peroxidase + Oxidase,Glutathione Peroxidase,Oxidase,independent separated,13.0,NS,105,x97_separated_d13.0_ns_a105,GFN2 deep,2.7447641676881176,2.414580120471328,0.2934692916815038,4.486249969157143,5,5,0.7618716387858977,0.0438336995485077
c17409f6_oxidase,c17409f6,x97,97,Glutathione Peroxidase + Oxidase,Oxidase,Glutathione Peroxidase,independent separated,13.0,NS,105,x97_separated_d13.0_ns_a105,First pass,-0.9036336653211948,0.0,-1.7658619649287175,1.7658619649287175,5,5,0.7618716387858977,0.0438336995485077
c62eca05_catalase,c62eca05,x97,97,Catalase + Glutathione Peroxidase,Catalase,Glutathione Peroxidase,independent separated,13.0,NS,105,x97_separated_d13.0_ns_a105,First pass,0.7954041775130918,0.3236594361392235,-0.1217293200047606,0.4453887561439842,5,5,0.7659347915988732,0.0253217251348609
c62eca05_glutathione_peroxidase,c62eca05,x97,97,Catalase + Glutathione Peroxidase,Glutathione Peroxidase,Catalase,independent separated,13.0,NS,105,x97_separated_d13.0_ns_a105,GFN1 extended,2.151633883644081,1.693787632601925,-1.0013020278447584,4.644728764754291,5,5,0.7659347915988732,0.0253217251348609
d57805d3_catalase,d57805d3,x97,97,Catalase + Oxidase,Catalase,Oxidase,independent separated,13.0,NS,105,x97_separated_d13.0_ns_a105,First pass,0.7954041775135465,0.3236594449654149,-0.1217208448047131,0.445380289770128,5,5,0.7659347915988732,0.0253217251348609
d57805d3_oxidase,d57805d3,x97,97,Catalase + Oxidase,Oxidase,Catalase,independent separated,13.0,NS,105,x97_separated_d13.0_ns_a105,First pass,-0.9062498934026736,0.0,-1.762913384188323,1.762913384188323,5,5,0.7659347915988732,0.0253217251348609
d71aff67_glutathione_peroxidase,d71aff67,x97,97,Glutathione Peroxidase + Peroxidase,Glutathione Peroxidase,Peroxidase,independent separated,13.0,NS,105,x97_separated_d13.0_ns_a105,GFN2 deep,2.7429919004944168,2.41566304009757,-0.3874444296288857,4.494236209480732,5,5,0.7639553804448931,0.0418420560274848
d71aff67_peroxidase,d71aff67,x97,97,Glutathione Peroxidase + Peroxidase,Peroxidase,Glutathione Peroxidase,independent separated,13.0,NS,105,x97_separated_d13.0_ns_a105,First pass,0.3460631334551181,1.8418777082520137,1.8418777082520137,1.8418777082520137,5,5,0.7639553804448931,0.0418420560274848
dfd552c6_glucose_oxidase,dfd552c6,x97,97,Glucose Oxidase + Oxidase,Glucose Oxidase,Oxidase,independent separated,13.0,NS,105,x97_separated_d13.0_ns_a105,GFN2 deep,-0.0291513677132115,1.1137469982809307,-4.593086390859298,5.706833389140229,5,5,0.7755321343862964,0.0476588256651756
dfd552c6_oxidase,dfd552c6,x97,97,Glucose Oxidase + Oxidase,Oxidase,Glucose Oxidase,independent separated,13.0,NS,105,x97_separated_d13.0_ns_a105,First pass,-1.2177098831275543,0.5311241448680448,0.5311241448680448,0.8025201606860719,5,5,0.7755321343862964,0.0476588256651756
e9adae1b_glucose_oxidase,e9adae1b,x97,97,Glucose Oxidase + Glutathione Peroxidase,Glucose Oxidase,Glutathione Peroxidase,independent separated,13.0,NS,105,x97_separated_d13.0_ns_a105,First pass,-0.3403104977239763,0.0,-1.7215794535504756,2.2565065666462942,5,5,0.7690812304364244,0.0478204130729478
e9adae1b_glutathione_peroxidase,e9adae1b,x97,97,Glucose Oxidase + Glutathione Peroxidase,Glutathione Peroxidase,Glucose Oxidase,independent separated,13.0,NS,105,x97_separated_d13.0_ns_a105,GFN2 deep,1.918515034421944,0.0241925661039204,-3.646031053430306,3.6702236195342266,5,5,0.7690812304364244,0.0478204130729478
f5499cc5_oxidase,f5499cc5,x97,97,Oxidase + Peroxidase,Oxidase,Peroxidase,independent separated,13.0,NS,105,x97_separated_d13.0_ns_a105,First pass,-1.1202628444889342,0.1358769812172795,-1.063123238055141,1.1990002192724205,5,5,0.7612147638713789,0.0444608452564283
f5499cc5_peroxidase,f5499cc5,x97,97,Oxidase + Peroxidase,Peroxidase,Oxidase,independent separated,13.0,NS,105,x97_separated_d13.0_ns_a105,First pass,0.8071018563591679,0.0,-1.3386546222322977,1.3386546222322977,5,5,0.7612147638713789,0.0444608452564283
f86e34d1_catalase,f86e34d1,x97,97,Catalase + Glutathione Peroxidase,Catalase,Glutathione Peroxidase,independent separated,13.0,NS,105,x97_separated_d13.0_ns_a105,First pass,0.7974956939499407,1.372808820877708,1.372808820877708,2.4492669159440084,5,5,0.7677898002515564,0.0479004479386816
f86e34d1_glutathione_peroxidase,f86e34d1,x97,97,Catalase + Glutathione Peroxidase,Glutathione Peroxidase,Catalase,independent separated,13.0,NS,105,x97_separated_d13.0_ns_a105,GFN1 extended,2.0213213687097777,1.1315124728935189,1.1315124728935189,2.8476796580234804,5,5,0.7677898002515564,0.0479004479386816
0210dc0e_oxidase,0210dc0e,x99,99,Oxidase + Peroxidase,Oxidase,Peroxidase,independent separated,14.6,N,15,x99_separated_d14.6_n_a15,First pass,-1.1155932673959796,0.0,-0.2197352304788182,0.3979939983828444,5,5,0.6971544740595931,0.0272247472824738
0210dc0e_peroxidase,0210dc0e,x99,99,Oxidase + Peroxidase,Peroxidase,Oxidase,independent separated,14.6,N,15,x99_separated_d14.6_n_a15,First pass,0.756746570130872,1.356306747069084,1.356306747069084,1.356306747069084,5,5,0.6971544740595931,0.0272247472824738
4154006c_glucose_oxidase,4154006c,x99,99,Glucose Oxidase + Peroxidase,Glucose Oxidase,Peroxidase,independent separated,14.6,N,15,x99_separated_d14.6_n_a15,GFN2 deep,1.2288571284755108,1.1652097828309709,0.3382232186459077,2.433615531914711,5,5,0.7285493542188114,0.0492197712766929
4154006c_peroxidase,4154006c,x99,99,Glucose Oxidase + Peroxidase,Peroxidase,Glucose Oxidase,independent separated,14.6,N,15,x99_separated_d14.6_n_a15,First pass,0.2730095515853463,1.731435837285062,1.731435837285062,1.731435837285062,5,5,0.7285493542188114,0.0492197712766929
c5915db8_glucose_oxidase,c5915db8,x99,99,Glucose Oxidase + Oxidase,Glucose Oxidase,Oxidase,independent separated,14.6,N,15,x99_separated_d14.6_n_a15,GFN2 deep,1.2288571284741463,1.1599606954482624,0.3346356810507132,2.4277940177562414,5,5,0.7285493542188114,0.0492197712766929
c5915db8_oxidase,c5915db8,x99,99,Glucose Oxidase + Oxidase,Oxidase,Glucose Oxidase,independent separated,14.6,N,15,x99_separated_d14.6_n_a15,GFN2 deep,-1.494645666118231,0.0,-0.0758020142120585,0.3671066627102846,5,5,0.7285493542188114,0.0492197712766929
f2c68f59_oxidase,f2c68f59,x99,99,Oxidase + Peroxidase,Oxidase,Peroxidase,independent separated,14.6,N,15,x99_separated_d14.6_n_a15,First pass,-1.1158658135877886,0.0,-0.2137447971040273,0.3885308616913789,5,5,0.6952934751012633,0.0353083248357375
f2c68f59_peroxidase,f2c68f59,x99,99,Oxidase + Peroxidase,Peroxidase,Oxidase,independent separated,14.6,N,15,x99_separated_d14.6_n_a15,First pass,0.2730532739042246,1.7268617808754243,1.7268617808754243,1.7268617808754243,5,5,0.6952934751012633,0.0353083248357375
692acd53_glucose_oxidase,692acd53,x100,100,Glucose Oxidase + Glutathione Peroxidase,Glucose Oxidase,Glutathione Peroxidase,independent separated,8.8,N,45,x100_separated_d8.8_n_a45,GFN2 deep,3.449741677087559,1.2165947552107357,0.5038556050312764,1.2165947552107357,5,5,0.765165427847013,0.0493369008679787
692acd53_glutathione_peroxidase,692acd53,x100,100,Glucose Oxidase + Glutathione Peroxidase,Glutathione Peroxidase,Glucose Oxidase,independent separated,8.8,N,45,x100_separated_d8.8_n_a45,GFN1 extended,2.0756595251064027,3.229515958466436,3.229515958466436,3.229515958466436,5,5,0.765165427847013,0.0493369008679787
79c287f3_catalase,79c287f3,x100,100,Catalase + Glutathione Peroxidase,Catalase,Glutathione Peroxidase,independent separated,8.8,N,45,x100_separated_d8.8_n_a45,First pass,0.5443547770771602,2.418602239222764,2.418602239222764,2.917799358571756,5,5,0.7528525906725304,0.0359821362270423
79c287f3_glutathione_peroxidase,79c287f3,x100,100,Catalase + Glutathione Peroxidase,Glutathione Peroxidase,Catalase,independent separated,8.8,N,45,x100_separated_d8.8_n_a45,GFN2 deep,2.164960782077742,0.0,-2.9150242327013984,3.679068995406851,5,5,0.7528525906725304,0.0359821362270423
f3835a85_glucose_oxidase,f3835a85,x100,100,Glucose Oxidase + Glutathione Peroxidase,Glucose Oxidase,Glutathione Peroxidase,independent separated,8.8,N,45,x100_separated_d8.8_n_a45,GFN2 deep,0.9808057518946498,0.9420603189028044,-1.380853777442553,2.3229140963453574,5,5,0.7392822918587806,0.0499464966996556
f3835a85_glutathione_peroxidase,f3835a85,x100,100,Glucose Oxidase + Glutathione Peroxidase,Glutathione Peroxidase,Glucose Oxidase,independent separated,8.8,N,45,x100_separated_d8.8_n_a45,GFN2 deep,2.169827050056483,2.129602789177625,0.1420795226113114,2.7063275542077463,5,5,0.7392822918587806,0.0499464966996556
